studyName,cv1_accuracy
2020_Y3_1_Tier1,
2020_Y4_SWPAC,
2020_Y4_Tier1_ACRE,
2020_Y4_Tier3_ACRE,
2021_SPY1_FRIL_NorGrains,
2021_SPY1_FRKY_NorGrains,
2021_SPY1_FROH_NorGrains,
2021_Y1-3,0.9121141743373352
2022_AYT_Aurora,0.686131308680221
2022_AYT_Dakota_Lakes,0.6861313086802211
2022_AYT_Winner,0.8139359047410791
2022_Elite_AURORA,0.8866888815194052
2022_Elite_Dakota_Lakes,0.9200791359142326
2022_Elite_Winner,0.8885537477957113
2022_SPY1-PUR1,
2022_SPY1-PUR2,
2022_Y1-1_MI,-0.9501895598747254
2023WWCEVD,
2023WWCKVD,
2023WWCMTD,
2023WWCNED,
2023_AYT_Aurora,0.7840603517090242
2023_AYT_Dakota_Lakes,0.8290684573269271
2023_AYT_Winner,0.8290684573269271
2023_Elite_AURORA,0.8740275495168456
2023_Elite_Dakota_Lakes,0.8238988002307646
2023_Elite_Winner,0.8206627065166203
2024_Elite_ACRE,0.9944061878154068
2024_Y1_1_ACRE,
2024_Y1_2_ACRE,
2024_Y2_1_ACRE,0.9039872472086584
2024_Y2_2_ACRE,0.8776283021146817
2024_Y3_1_ACRE,0.29239332338204466
2025_Elite_ACRE,0.2929350408749045
2025_Y1-1_ACRE,1.0
2025_Y1-2_ACRE,1.0
2025_Y1-3_ACRE,1.0
2025_Y1-4_ACRE,1.0
2025_Y1-5_ACRE,1.0
2025_Y1-6_ACRE,1.0
2025_Y1-7_ACRE,1.0
2025_Y1-7_Rep_ACRE,1.0
2025_Y1-8_Light_ACRE,1.0
2025_Y2-1_ACRE,1.0
2025_Y2-2_ACRE,1.0
2025_Y3-1_ACRE,0.6730084124713319
20_AeTa_Colby_Dryland_Yield_Trials,0.919967556889261
20_AeTa_Colby_Irrigated_Yield_Trials,0.9292706257599701
22COLKS_TCAP_C,-0.26331765905416393
22COLKS_TDicQual,0.5816980152888951
22HAYKS_TCAP_C,-0.27364885934800265
22HAYKS_TDicQual,0.5816980152888953
22HUTKS_TCAP_C,-0.19910847601348314
22HUTKS_TDicQual,0.5816980152888951
22MANKS_TCAP_C,-0.21617457155952435
22MANKS_TDicQual,0.6363619619767306
22_TdGD_Hays_Yield_Trials,0.3732981931883498
23COLKS_TDicQual,0.16717827397863097
23Crk_AYs_R18_Yield,0.39737331699527556
23FTC_DTD,0.03932436604768559
23Ferg_AY1-3_Yield,0.3921682036067597
23GRY_DTD,0.05992184456070035
23GRY_VAL,0.6033630127893772
23HAYKS_TDicQual,0.16717827397863091
23HUTKS_TDicQual,0.1912984991093916
23Hall_AY1-3_PY5-6_Yield,0.39888367091475363
23MANKS_TDicQual,0.1916745627482733
23Perl_AY1-3_PY7-8_Yield,0.39129038186019066
23Ros_AY1-3Yield,0.39129038186019083
23StP_C-9,0.3973733169952756
23Steph_AY1-3_PY3-4_Yield,0.39129038186019083
23StrathconaSpring_Jochum,0.39216820360675964
23_Big6_MAS,0.4193599489688369
23_Big6_SVREC,0.4005419491656324
23_MSU_PYT_1_HURMI,1.0
23_MSU_PYT_1_MASMI,0.9999999999999998
23_MSU_PYT_1_MONMI,0.9999999999999998
23_MSU_PYT_1_SVREC,1.0
23_MSU_PYT_2_HURMI,-0.39306735473826493
23_MSU_PYT_2_MASMI,-0.40836479337739906
23_MSU_PYT_2_MONMI,-0.39306735473826493
23_MSU_PYT_2_SVREC,-0.39306735473826493
23_MSU_PYT_3_HURMI,-1.0
23_MSU_PYT_3_MASMI,-1.0
23_MSU_PYT_3_MONMI,-1.0
23_MSU_PYT_3_SVREC,-1.0
23_TdGD_Colby_Yield_Trials,0.9999999999999999
23_TdGD_Hays_Yield_Trials,0.9999999999999999
23_TdGD_Manhattan_Yield_Trials,0.3179303472483524
24_Big6_MASMI,0.2734121272629317
24_Big6_SVREC,0.2846394505125742
24_MSU_AYT_ALLMI,0.22151999411511566
24_MSU_AYT_BLUIN,0.22151999411511566
24_MSU_AYT_CENIL,0.21456156759678324
24_MSU_AYT_CENMI,0.337625090617704
24_MSU_AYT_CHAIL,0.567174255043034
24_MSU_AYT_CHAMO,0.5290282950173899
24_MSU_AYT_CRAIN,0.5290282950173899
24_MSU_AYT_HENKY,0.22151999411511566
24_MSU_AYT_HMLIL,0.567174255043034
24_MSU_AYT_HOPKY,0.22151999411511566
24_MSU_AYT_HURMI,0.567174255043034
24_MSU_AYT_LIMOH,0.337625090617704
24_MSU_AYT_MASIL,0.21456156759678324
24_MSU_AYT_MASMI,0.21456156759678324
24_MSU_AYT_MEXMO,0.21456156759678324
24_MSU_AYT_MONMI,0.5290282950173899
24_MSU_AYT_NAPOH,0.567174255043034
24_MSU_AYT_SANMI,0.22151999411511566
24_MSU_AYT_SVREC,0.337625090617704
24_MSU_AYT_TIFOH,0.337625090617704
24_MSU_PYT_1_MASMI,-0.22872862466437605
24_MSU_PYT_1_MONMI,-0.22872862466437605
24_MSU_PYT_1_SVREC,-0.3427060800719995
24_MSU_PYT_2_MASMI,-0.3114086142070872
24_MSU_PYT_2_MONMI,-0.3634209332887155
24_MSU_PYT_2_SVREC,-0.24318904368072095
24_MSU_PYT_3_MASMI,0.14080352446293964
24_MSU_PYT_3_MONMI,0.06592901676564977
24_MSU_PYT_3_SVREC,0.06592901676564977
25_Big6_MASON_MASMI,0.5479319358148775
25_MSU_AYT_MI_ALLMI,0.27227324889952254
25_MSU_AYT_MI_CENMI,0.14114874655720588
25_MSU_AYT_MI_HURMI,0.14114874655720588
25_MSU_AYT_MI_MONMI,0.14114874655720588
25_MSU_AYT_MI_SANMI,0.27227324889952254
25_MSU_AYT_Regional_CENIL,0.4106736431146432
25_MSU_AYT_Regional_CHAIL,0.3673518626231656
25_MSU_AYT_Regional_HENKY,0.46441400327003046
25_MSU_AYT_Regional_HMLIL,0.45226716366054465
25_MSU_AYT_Regional_HOPKY,0.46441400327003046
25_MSU_AYT_Regional_NAPOH,0.4522671636605448
25_MSU_AYT_Regional_TIFOH,0.4106736431146432
25_MSU_PYT_MASMI,0.19082038434123894
25_MSU_PYT_SVREC,0.19082038434123894
A5S_Neo_21,1.0
A5S_Neo_22,0.29016524036330255
A6S_Urb_19,0.7895025948526776
ABBmid_2014_Lexington,
ABBmid_2014_Woodford,
ABBmid_2015_Lexington,
ABBmid_2015_Woodford,
ARS-NRPN-2000-ALLIANCE,1.0
ARS-NRPN-2000-ARCHER,1.0
ARS-NRPN-2000-BOZEMAN,1.0
ARS-NRPN-2000-BROOKINGS,1.0
ARS-NRPN-2000-CASSELTON,0.9999999999999999
ARS-NRPN-2000-DAKOTA_LAKES,0.9999999999999999
ARS-NRPN-2000-HETTINGER,1.0
ARS-NRPN-2000-LINCOLN,1.0
ARS-NRPN-2000-ROSEMOUNT,1.0
ARS-NRPN-2000-SIDNEY,0.9999999999999999
ARS-NRPN-2000-WASECA,0.9999999999999999
ARS-NRPN-2000-WILLISTON,1.0
ARS-NRPN-2000-WINNER,1.0
ARS-NRPN-2001-ALLIANCE,1.0
ARS-NRPN-2001-ARCHER,1.0
ARS-NRPN-2001-BOZEMAN,1.0
ARS-NRPN-2001-BROOKINGS,1.0
ARS-NRPN-2001-LETHBRIDGE,0.9999999999999999
ARS-NRPN-2001-LINCOLN,1.0
ARS-NRPN-2001-MOCCASIN,0.9999999999999999
ARS-NRPN-2001-ROSEMOUNT,0.9999999999999999
ARS-NRPN-2001-SIDNEY,1.0
ARS-NRPN-2001-WASECA,0.9999999999999999
ARS-NRPN-2001-WINNER,1.0
ARS-NRPN-2004-ALLIANCE,0.998793956380196
ARS-NRPN-2004-AMES,0.9987546452578429
ARS-NRPN-2004-BOZEMAN,0.9996662522758061
ARS-NRPN-2004-BROOKINGS,0.998793956380196
ARS-NRPN-2004-CASSELTON,0.9995261118709343
ARS-NRPN-2004-DAKOTA_LAKES,0.998793956380196
ARS-NRPN-2004-HETTINGER,0.9995261118709343
ARS-NRPN-2004-LETHBRIDGE,0.998793956380196
ARS-NRPN-2004-LINCOLN,0.9996662522758061
ARS-NRPN-2004-MOCCASIN,0.9996662522758061
ARS-NRPN-2004-NORTH_PLATTE,0.998793956380196
ARS-NRPN-2004-SALINA,0.9995261118709343
ARS-NRPN-2004-SIDNEY,0.998793956380196
ARS-NRPN-2004-WILLISTON,0.9992058315832989
ARS-NRPN-2004-WINNER,0.9995261118709343
ARS-NRPN-2008-ALLIANCE,1.0
ARS-NRPN-2008-ARCHER,0.9999999999999999
ARS-NRPN-2008-BROOKINGS,0.9999999999999999
ARS-NRPN-2008-DAKOTA_LAKES,1.0
ARS-NRPN-2008-GOODLAND,1.0
ARS-NRPN-2008-HETTINGER,1.0
ARS-NRPN-2008-LETHBRIDGE,1.0
ARS-NRPN-2008-LINCOLN,0.9999999999999999
ARS-NRPN-2008-MOCCASIN,1.0
ARS-NRPN-2008-NORTH_PLATTE,1.0
ARS-NRPN-2008-PALMER,1.0
ARS-NRPN-2008-PROSPER,0.9999999999999999
ARS-NRPN-2008-ROSEMOUNT,1.0
ARS-NRPN-2008-SIDNEY,1.0
ARS-NRPN-2008-WINNER,0.9999999999999999
ARS-NRPN-2009-ALLIANCE,-1.0
ARS-NRPN-2009-ARCHER,-1.0
ARS-NRPN-2009-BOZEMAN,-1.0
ARS-NRPN-2009-BROOKINGS,-1.0
ARS-NRPN-2009-GOODLAND,-1.0
ARS-NRPN-2009-LINCOLN,-1.0
ARS-NRPN-2009-MOCCASIN,-1.0
ARS-NRPN-2009-NORTH_PLATTE,-1.0
ARS-NRPN-2009-PALMER,-1.0
ARS-NRPN-2009-SIDNEY,-1.0
ARS-NRPN-2009-WILLISTON,-1.0
ARS-NRPN-2009-WINNER,-1.0
ARS-NRPN-2010-ALLIANCE,0.9237294081444285
ARS-NRPN-2010-ARCHER,0.9237294081444285
ARS-NRPN-2010-BROOKINGS,0.8773165368690048
ARS-NRPN-2010-DAKOTA_LAKES,0.8773165368690048
ARS-NRPN-2010-GOODLAND,0.9237294081444285
ARS-NRPN-2010-HETTINGER,0.7378708069672039
ARS-NRPN-2010-LINCOLN,0.6941024115975162
ARS-NRPN-2010-MOCCASIN,0.6941024115975162
ARS-NRPN-2010-NORTH_PLATTE,0.8773165368690048
ARS-NRPN-2010-PROSPER,0.7378708069672039
ARS-NRPN-2010-ROSEMOUNT,0.6941024115975162
ARS-NRPN-2010-SIDNEY,0.8773165368690048
ARS-NRPN-2010-WILLISTON,0.8773165368690048
ARS-NRPN-2011-ALLIANCE,0.9999999999999999
ARS-NRPN-2011-BOZEMAN,0.9999999999999999
ARS-NRPN-2011-BROOKINGS,1.0
ARS-NRPN-2011-DAKOTA_LAKES,0.9999999999999999
ARS-NRPN-2011-LETHBRIDGE,0.9999999999999999
ARS-NRPN-2011-LINCOLN,0.9999999999999999
ARS-NRPN-2011-MOCCASIN,0.9999999999999999
ARS-NRPN-2011-NORTH_PLATTE,1.0
ARS-NRPN-2011-PROSPER,1.0
ARS-NRPN-2011-WASECA,0.9999999999999999
ARS-NRPN-2011-WILLISTON,1.0
ARS-NRPN-2011-WINNER,1.0
ARS-NRPN-2012-ARCHER,0.9999999999999998
ARS-NRPN-2012-BELLFIELD,0.9999999999999999
ARS-NRPN-2012-BOZEMAN,0.9999999999999999
ARS-NRPN-2012-BROOKINGS,0.9999999999999999
ARS-NRPN-2012-DAKOTA_LAKES,0.9999999999999999
ARS-NRPN-2012-LETHBRIDGE,0.9999999999999999
ARS-NRPN-2012-LINCOLN,0.9999999999999998
ARS-NRPN-2012-MOCCASIN,0.9999999999999999
ARS-NRPN-2012-NORTH_PLATTE,1.0
ARS-NRPN-2012-PROSPER,0.9999999999999999
ARS-NRPN-2012-ROSEMOUNT,0.9999999999999998
ARS-NRPN-2012-SIDNEY,1.0
ARS-NRPN-2012-WASECA,0.9999999999999999
ARS-NRPN-2012-WICHITA,0.9999999999999998
ARS-NRPN-2012-WILLISTON,0.9999999999999999
ARS-NRPN-2012-WINNER,1.0
ARS-NRPN-2013-ALLIANCE,0.9504139718010381
ARS-NRPN-2013-BELLFIELD,0.9253930320552766
ARS-NRPN-2013-BROOKINGS,0.9504139718010381
ARS-NRPN-2013-CASSELTON,0.9253930320552766
ARS-NRPN-2013-CROOKSTON,1.0
ARS-NRPN-2013-DAKOTA_LAKES,0.9253930320552766
ARS-NRPN-2013-HILDRETH,0.9504139718010381
ARS-NRPN-2013-LETHBRIDGE,0.6591561818062704
ARS-NRPN-2013-MINOT,0.9253930320552766
ARS-NRPN-2013-MOCCASIN,0.9253930320552766
ARS-NRPN-2013-WICHITA,0.9765633053172758
ARS-NRPN-2014-ALLIANCE,0.9977976557320085
ARS-NRPN-2014-BOZEMAN,0.9978772908860097
ARS-NRPN-2014-BROOKINGS,0.9978772908860097
ARS-NRPN-2014-CROOKSTON,0.9995164303438576
ARS-NRPN-2014-MINOT,0.9995164303438576
ARS-NRPN-2014-MOCCASIN,0.998371776104873
ARS-NRPN-2014-NORTH_PLATTE,0.9978772908860097
ARS-NRPN-2014-PINE_BLUFFS,0.9995164303438576
ARS-NRPN-2014-PLANKINTON,0.9978772908860097
ARS-NRPN-2014-ROSEMOUNT,0.9995815474058404
ARS-NRPN-2014-SIDNEY,0.9995815474058404
ARS-NRPN-2014-WICHITA,0.9978772908860097
ARS-NRPN-2014-WINNER,0.998371776104873
ARS-NRPN-2015-BOZEMAN,0.7182279774418412
ARS-NRPN-2015-BROOKINGS,0.6969504927589764
ARS-NRPN-2015-CROOKSTON,0.6969504927589764
ARS-NRPN-2015-LETHBRIDGE,0.6969504927589764
ARS-NRPN-2015-LINCOLN,0.7154442314024455
ARS-NRPN-2015-MINOT,0.6707192569587574
ARS-NRPN-2015-MOCCASIN,0.6707192569587574
ARS-NRPN-2015-NORTH_PLATTE,0.7182279774418412
ARS-NRPN-2015-PLANKINTON,0.7182279774418412
ARS-NRPN-2015-ROSEMOUNT,0.6707192569587574
ARS-NRPN-2015-SIDNEY,0.7182279774418412
ARS-NRPN-2015-WICHITA,0.7621484849772482
ARS-NRPN-2015-WILLISTON,0.6707192569587574
ARS-NRPN-2015-WINNER,0.7154442314024455
ARS-NRPN-2016-ALLIANCE,0.8383128554546824
ARS-NRPN-2016-BOZEMAN,0.8310038952534912
ARS-NRPN-2016-BROOKINGS,0.8383128554546824
ARS-NRPN-2016-CASSELTON,0.8676999306252766
ARS-NRPN-2016-CROOKSTON,0.8676999306252766
ARS-NRPN-2016-DAKOTA_LAKES,0.818809211515406
ARS-NRPN-2016-HAYS,0.8310038952534912
ARS-NRPN-2016-LETHBRIDGE,0.8383128554546824
ARS-NRPN-2016-LINCOLN,0.8383128554546824
ARS-NRPN-2016-MINOT,0.8676999306252766
ARS-NRPN-2016-MOCCASIN,0.8310038952534912
ARS-NRPN-2016-NORTH_PLATTE,0.8676999306252766
ARS-NRPN-2016-ROSEMOUNT,0.818809211515406
ARS-NRPN-2016-SIDNEY,0.818809211515406
ARS-NRPN-2016-WICHITA,0.8310038952534912
ARS-NRPN-2016-WILLISTON,0.8310038952534912
ARS-NRPN-2016-WINNER,0.818809211515406
ARS-NRPN-2022-BOZEMAN,0.9784793393574012
ARS-NRPN-2022-BROOKINGS,0.9784793393574012
ARS-NRPN-2022-CASSELTON,0.984973444661004
ARS-NRPN-2022-CROOKSTON,0.9823981825217654
ARS-NRPN-2022-DAKOTA_LAKES,0.9861759045439107
ARS-NRPN-2022-FORT_COLLINS,0.984973444661004
ARS-NRPN-2022-GOEHNER,0.984973444661004
ARS-NRPN-2022-LINCOLN,0.9849490135650866
ARS-NRPN-2022-MINOT,0.9784793393574012
ARS-NRPN-2022-MOCCASIN,0.9861759045439107
ARS-NRPN-2022-NORTH_PLATTE,0.9784793393574012
ARS-NRPN-2022-SIDNEY,0.9823981825217654
ARS-NRPN-2022-ST_PAUL,0.9849490135650866
ARS-NRPN-2022-WILLISTON,0.9861759045439107
ARS-NRPN-2022-WINNER,0.9784793393574012
ARS-NRPN-2023-CROOKSTON,0.853005094188557
ARS-NRPN-2023-GOEHNER,0.784586300463547
ARS-NRPN-2023-MOCCASIN,0.8300324828216245
ARS-NRPN-2023-WICHITA,0.8081833237674405
ARS-NRPN-2023-WILLISTON,0.8300324828216245
ARS-NRPN-2024-BOZEMAN,0.9045060982079272
ARS-NRPN-2024-BROOKINGS,0.8658429158718817
ARS-NRPN-2024-CASSELTON,0.9178443121113206
ARS-NRPN-2024-DAKOTA_LAKES,0.8658429158718817
ARS-NRPN-2024-FORT_COLLINS,0.8421119404728143
ARS-NRPN-2024-LUNDS_VALLEY,0.8421119404728143
ARS-NRPN-2024-MOCCASIN,0.9178443121113206
ARS-NRPN-2024-ST_PAUL,0.8421119404728143
ARS-NRPN-2024-WICHITA,0.8421119404728143
ARS-NRPN-2024-WINNER,0.9178443121113206
ARS-SRPN-2001-AKRON,1.0
ARS-SRPN-2001-ALTUS,1.0
ARS-SRPN-2001-BURLINGTON,1.0
ARS-SRPN-2001-BUSHLAND,1.0
ARS-SRPN-2001-BUSHLAND-IRRIGATED,1.0
ARS-SRPN-2001-COLUMBIA,1.0
ARS-SRPN-2001-FORT_COLLINS,1.0
ARS-SRPN-2001-GOODWELL,1.0
ARS-SRPN-2001-HAYS,0.9999999999999998
ARS-SRPN-2001-JULESBURG,1.0
ARS-SRPN-2001-LAHOMA,0.9999999999999998
ARS-SRPN-2001-SALINA,1.0
ARS-SRPN-2001-STILLWATER,1.0
ARS-SRPN-2001-WALSH,0.9999999999999998
ARS-SRPN-2001-WICHITA,1.0
ARS-SRPN-2001-WINFIELD,1.0
ARS-SRPN-2005-AKRON,1.0
ARS-SRPN-2005-ALLIANCE,1.0
ARS-SRPN-2005-ARCHER,1.0
ARS-SRPN-2005-BROOKINGS,1.0
ARS-SRPN-2005-BURLINGTON,1.0
ARS-SRPN-2005-CHILLICOTHE,1.0
ARS-SRPN-2005-CLAY_CENTER,1.0
ARS-SRPN-2005-CLOVIS,1.0
ARS-SRPN-2005-CLOVIS-IRRIGATED,1.0
ARS-SRPN-2005-COLBY,1.0
ARS-SRPN-2005-COLUMBIA,1.0
ARS-SRPN-2005-FARMINGTON,1.0
ARS-SRPN-2005-FORT_COBB,1.0
ARS-SRPN-2005-FORT_COLLINS,1.0
ARS-SRPN-2005-GARDEN_CITY,1.0
ARS-SRPN-2005-GOODWELL,1.0
ARS-SRPN-2005-HAYS,0.9999999999999998
ARS-SRPN-2005-HUTCHINSON-B,1.0
ARS-SRPN-2005-JULESBURG,0.9999999999999998
ARS-SRPN-2005-LAHOMA,0.9999999999999998
ARS-SRPN-2005-LINCOLN,1.0
ARS-SRPN-2005-NORTH_PLATTE,1.0
ARS-SRPN-2005-PROSPER,0.9999999999999998
ARS-SRPN-2005-SALINA,1.0
ARS-SRPN-2005-SIDNEY,0.9999999999999998
ARS-SRPN-2005-STILLWATER,1.0
ARS-SRPN-2005-WALSH,1.0
ARS-SRPN-2005-WINFIELD,1.0
ARS-SRPN-2006-AKRON,-1.0
ARS-SRPN-2006-ALLIANCE,-1.0
ARS-SRPN-2006-BURLINGTON,-1.0
ARS-SRPN-2006-BUSHLAND,-1.0
ARS-SRPN-2006-BUSHLAND-IRRIGATED,-1.0
ARS-SRPN-2006-CHILLICOTHE,-1.0
ARS-SRPN-2006-CLAY_CENTER,-1.0
ARS-SRPN-2006-CLOVIS,-1.0
ARS-SRPN-2006-CLOVIS-IRRIGATED,-1.0
ARS-SRPN-2006-COLUMBIA,-1.0
ARS-SRPN-2006-FARMINGTON,-1.0
ARS-SRPN-2006-FORT_COBB,-1.0
ARS-SRPN-2006-FORT_COLLINS,-1.0
ARS-SRPN-2006-GARDEN_CITY,-1.0
ARS-SRPN-2006-HAYS,-1.0
ARS-SRPN-2006-HUTCHINSON-B,-1.0
ARS-SRPN-2006-LAHOMA,-1.0
ARS-SRPN-2006-LINCOLN,-1.0
ARS-SRPN-2006-MANHATTAN,-1.0
ARS-SRPN-2006-NORTH_PLATTE,-1.0
ARS-SRPN-2006-SALINA,-1.0
ARS-SRPN-2006-STILLWATER,-1.0
ARS-SRPN-2006-WINFIELD,-1.0
ARS-SRPN-2007-AKRON,0.8334946900449671
ARS-SRPN-2007-ALLIANCE,0.8611695011642393
ARS-SRPN-2007-ARCHER,0.825050724267984
ARS-SRPN-2007-BROOKINGS,0.8334946900449671
ARS-SRPN-2007-BURLINGTON,0.8372351822860217
ARS-SRPN-2007-BUSHLAND,0.8334946900449671
ARS-SRPN-2007-BUSHLAND-IRRIGATED,0.8334946900449671
ARS-SRPN-2007-CHILLICOTHE,0.8442831985856817
ARS-SRPN-2007-CLAY_CENTER,0.8334946900449671
ARS-SRPN-2007-CLOVIS,0.825050724267984
ARS-SRPN-2007-CLOVIS-IRRIGATED,0.8372351822860217
ARS-SRPN-2007-COLBY,0.8442831985856817
ARS-SRPN-2007-COLUMBIA,0.8442831985856817
ARS-SRPN-2007-CRAWFORDSVILLE,0.825050724267984
ARS-SRPN-2007-DAKOTA_LAKES,0.8334946900449671
ARS-SRPN-2007-FARMINGTON,0.8611695011642393
ARS-SRPN-2007-FORT_COBB,0.8334946900449671
ARS-SRPN-2007-FORT_COLLINS,0.8372351822860217
ARS-SRPN-2007-GARDEN_CITY,0.825050724267984
ARS-SRPN-2007-GOODWELL,0.8442831985856817
ARS-SRPN-2007-JULESBURG,0.8372351822860217
ARS-SRPN-2007-LINCOLN,0.8611695011642393
ARS-SRPN-2007-NORTH_PLATTE,0.8442831985856817
ARS-SRPN-2007-PROSPER,0.8372351822860217
ARS-SRPN-2007-SIDNEY,0.8611695011642393
ARS-SRPN-2007-WALSH,0.825050724267984
ARS-SRPN-2007-WINNER,0.8372351822860217
ARS-SRPN-2008-AKRON,0.8571178658526013
ARS-SRPN-2008-ALLIANCE,0.8571178658526013
ARS-SRPN-2008-ARCHER,0.8552267443480445
ARS-SRPN-2008-BROOKINGS,0.8348558766037192
ARS-SRPN-2008-BURLINGTON,0.8320675474492416
ARS-SRPN-2008-BUSHLAND,0.8320675474492416
ARS-SRPN-2008-BUSHLAND-IRRIGATED,0.8348558766037192
ARS-SRPN-2008-CHILLICOTHE,0.8348558766037192
ARS-SRPN-2008-CLAY_CENTER,0.8552267443480445
ARS-SRPN-2008-CLOVIS,0.8320675474492416
ARS-SRPN-2008-CLOVIS-IRRIGATED,0.8320675474492416
ARS-SRPN-2008-COLBY,0.8348558766037192
ARS-SRPN-2008-COLUMBIA,0.8348558766037192
ARS-SRPN-2008-CRAWFORDSVILLE,0.8133491343911691
ARS-SRPN-2008-DAKOTA_LAKES,0.8320675474492416
ARS-SRPN-2008-FARMINGTON,0.8552267443480445
ARS-SRPN-2008-FORT_COBB,0.8552267443480445
ARS-SRPN-2008-FORT_COLLINS,0.8571178658526013
ARS-SRPN-2008-GOODWELL,0.8320675474492416
ARS-SRPN-2008-HAYS,0.8571178658526013
ARS-SRPN-2008-JULESBURG,0.8552267443480445
ARS-SRPN-2008-LAHOMA,0.8133491343911691
ARS-SRPN-2008-LINCOLN,0.8348558766037192
ARS-SRPN-2008-NORTH_PLATTE,0.8133491343911691
ARS-SRPN-2008-PROSPER,0.8571178658526013
ARS-SRPN-2008-SALINA,0.8133491343911691
ARS-SRPN-2008-SIDNEY,0.8133491343911691
ARS-SRPN-2008-STILLWATER,0.8133491343911691
ARS-SRPN-2008-WICHITA,0.8348558766037192
ARS-SRPN-2008-WINFIELD,0.8320675474492416
ARS-SRPN-2008-WINNER,0.8552267443480445
ARS-SRPN-2009-AKRON,1.0
ARS-SRPN-2009-ALLIANCE,1.0
ARS-SRPN-2009-ARCHER,1.0
ARS-SRPN-2009-BURLINGTON,1.0
ARS-SRPN-2009-BUSHLAND,1.0
ARS-SRPN-2009-BUSHLAND-IRRIGATED,1.0
ARS-SRPN-2009-CLAY_CENTER,1.0
ARS-SRPN-2009-CLOVIS-IRRIGATED,1.0
ARS-SRPN-2009-COLBY,1.0
ARS-SRPN-2009-COLUMBIA,1.0
ARS-SRPN-2009-FARMINGTON,1.0
ARS-SRPN-2009-FORT_COBB,1.0
ARS-SRPN-2009-FORT_COLLINS,1.0
ARS-SRPN-2009-GARDEN_CITY,1.0
ARS-SRPN-2009-GOODWELL,1.0
ARS-SRPN-2009-HAYS,1.0
ARS-SRPN-2009-JULESBURG,1.0
ARS-SRPN-2009-LAHOMA,1.0
ARS-SRPN-2009-LINCOLN,1.0
ARS-SRPN-2009-NORTH_PLATTE,1.0
ARS-SRPN-2009-SALINA,1.0
ARS-SRPN-2009-SIDNEY,1.0
ARS-SRPN-2009-STILLWATER,1.0
ARS-SRPN-2009-WALSH,1.0
ARS-SRPN-2010-AKRON,0.9924277636037192
ARS-SRPN-2010-ALLIANCE,0.9924277636037192
ARS-SRPN-2010-ARCHER,0.9911696396576319
ARS-SRPN-2010-BROOKINGS,0.9924277636037192
ARS-SRPN-2010-BURLINGTON,0.998797091372931
ARS-SRPN-2010-BUSHLAND,0.9968097597219772
ARS-SRPN-2010-BUSHLAND-IRRIGATED,0.9911696396576319
ARS-SRPN-2010-CHILLICOTHE,0.9928867160182921
ARS-SRPN-2010-CLAY_CENTER,0.998797091372931
ARS-SRPN-2010-CLOVIS,0.9924277636037192
ARS-SRPN-2010-CLOVIS-IRRIGATED,0.998797091372931
ARS-SRPN-2010-COLBY,0.9924277636037192
ARS-SRPN-2010-DAKOTA_LAKES,0.9968097597219772
ARS-SRPN-2010-FARMINGTON,0.9911696396576319
ARS-SRPN-2010-FORT_COBB,0.9928867160182921
ARS-SRPN-2010-FORT_COLLINS,0.9928867160182921
ARS-SRPN-2010-GARDEN_CITY,0.9911696396576319
ARS-SRPN-2010-GOODWELL,0.998797091372931
ARS-SRPN-2010-HAYS,0.998797091372931
ARS-SRPN-2010-HUTCHINSON-B,0.9928867160182921
ARS-SRPN-2010-LAHOMA,0.9911696396576319
ARS-SRPN-2010-LINCOLN,0.9928867160182921
ARS-SRPN-2010-NORTH_PLATTE,0.9924277636037192
ARS-SRPN-2010-PROSPER,0.9968097597219772
ARS-SRPN-2010-SALINA,0.998797091372931
ARS-SRPN-2010-SIDNEY,0.9968097597219772
ARS-SRPN-2010-STILLWATER,0.9924277636037192
ARS-SRPN-2010-WALSH,0.9928867160182921
ARS-SRPN-2010-WICHITA,0.998797091372931
ARS-SRPN-2010-WINFIELD,0.998797091372931
ARS-SRPN-2011-AKRON,0.9999999999999998
ARS-SRPN-2011-ALLIANCE,0.8795898584244624
ARS-SRPN-2011-BROOKINGS,0.9999999999999998
ARS-SRPN-2011-BURLINGTON,1.0
ARS-SRPN-2011-BUSHLAND,0.9999999999999998
ARS-SRPN-2011-BUSHLAND-IRRIGATED,0.9999999999999998
ARS-SRPN-2011-CLAY_CENTER,0.8182244823133075
ARS-SRPN-2011-CLOVIS,0.9999999999999998
ARS-SRPN-2011-CLOVIS-IRRIGATED,0.9999999999999998
ARS-SRPN-2011-COLUMBIA,0.9999999999999998
ARS-SRPN-2011-DAKOTA_LAKES,0.9999999999999998
ARS-SRPN-2011-FARMINGTON,0.9999999999999998
ARS-SRPN-2011-FORT_COBB,1.0
ARS-SRPN-2011-FORT_COLLINS,1.0
ARS-SRPN-2011-GOODWELL,0.9999999999999998
ARS-SRPN-2011-HAYS,0.9999999999999998
ARS-SRPN-2011-HUTCHINSON-B,0.9999999999999998
ARS-SRPN-2011-JULESBURG,0.9999999999999998
ARS-SRPN-2011-LAHOMA,0.9999999999999998
ARS-SRPN-2011-LINCOLN,0.8809040135745639
ARS-SRPN-2011-MANHATTAN,1.0
ARS-SRPN-2011-NORTH_PLATTE,0.8802281171410069
ARS-SRPN-2011-PROSPER,0.9999999999999998
ARS-SRPN-2011-STILLWATER,1.0
ARS-SRPN-2011-WALSH,0.9999999999999998
ARS-SRPN-2011-WINNER,0.9999999999999998
ARS-SRPN-2014-AKRON,0.46330574351214454
ARS-SRPN-2014-ALLIANCE,0.5623536065399699
ARS-SRPN-2014-ARCHER,0.5962000691771421
ARS-SRPN-2014-BROOKINGS,0.46330574351214454
ARS-SRPN-2014-BURLINGTON,0.46330574351214454
ARS-SRPN-2014-BUSHLAND-IRRIGATED,0.46330574351214454
ARS-SRPN-2014-CHILLICOTHE,0.5962000691771421
ARS-SRPN-2014-CLAY_CENTER,0.46330574351214454
ARS-SRPN-2014-COLBY,0.5600711819190196
ARS-SRPN-2014-COLUMBIA,0.5600711819190196
ARS-SRPN-2014-ENID,0.5962000691771421
ARS-SRPN-2014-FARMINGTON,0.5962000691771421
ARS-SRPN-2014-FORT_COLLINS,0.5623536065399699
ARS-SRPN-2014-GOODWELL,0.46330574351214454
ARS-SRPN-2014-GRANITE,0.46330574351214454
ARS-SRPN-2014-HAYS,0.5962000691771421
ARS-SRPN-2014-JULESBURG,0.6291477741714582
ARS-SRPN-2014-LAHOMA,0.5623536065399699
ARS-SRPN-2014-LINCOLN,0.5623536065399699
ARS-SRPN-2014-MANHATTAN,0.5962000691771421
ARS-SRPN-2014-NORTH_PLATTE,0.46330574351214454
ARS-SRPN-2014-SIDNEY,0.46330574351214454
ARS-SRPN-2014-STILLWATER,0.6291477741714582
ARS-SRPN-2014-WALSH,0.5623536065399699
ARS-SRPN-2014-WICHITA,0.46330574351214454
ARS-SRPN-2014-WINFIELD,0.6291477741714582
ARS-SRPN-2014-WINNER,0.5623536065399699
AWY1_DVP_2025,0.7452297658871756
AWY1_HARWA_2024,0.6462000718422326
AWY1_KAHWA_2024,0.6602969386767716
AWY1_KAH_2025,0.7568933680294504
AWY1_LIN_2025,0.7568933680294504
AWY1_LNDWA_2024,0.6462000718422326
AWY1_PULWA_2024,0.6809958219154604
AWY1_RITWA_2024,0.6575392919822809
AWY1_RIT_2025,0.7557001047525944
AWY1_SWW_2022_Davenport,0.8679927972430123
AWY1_SWW_2022_Pullman,0.861538990073342
AWY1_SWW_2023_Davenport,0.7873311641809557
AWY1_SWW_2023_Lind,0.7999803216718474
AWY1_SWW_2023_Pullman,0.7873311641809557
AWY2_DVPWA_2024,-0.2911650666171102
AWY2_DVP_2025,-0.6528034240778897
AWY2_PULWA_2024,-0.2891312512417675
AWY2_PUL_2025,-0.6528034240778897
AWY2_SWW_2022_Davenport,-0.7631939330072317
AWY2_SWW_2022_Pullman,-0.7710864934131109
AWY2_SWW_2023_Davenport,-0.28787394208832257
AWY2_SWW_2023_Pullman,-0.28875467323832
AWY2_WAWWA_2024,-0.3159596696683828
AWY2_WAW_2025,-0.6777386267605989
AY3-8_YIELD_CRK-MN_2022,0.5380154577750461
AY3-8_YIELD_FER-MN_2022,0.5473629589178277
AY3-8_YIELD_HAL-MN_2022,0.5451330804244088
AY3-8_YIELD_MOR-MN_2022,0.5451330804244088
AY3-8_YIELD_OKL-MN_2022,0.5473629589178277
AY3-8_YIELD_PER-MN_2022,0.5473629589178277
AY3-8_YIELD_ROS-MN_2022,0.5633254719156977
AY3-8_YIELD_STE-MN_2022,0.47461523245987336
AY3-8_YIELD_STP-MN_2022,0.5496915565991953
AY3-8_YIELD_STR-MN_2022,0.47461523245987325
AYTred_2022_Centralia,
AYTred_2022_Champaign,
AYTred_2022_Charleston,
AYTred_2022_Frankenmuth,
AYTred_2022_Hillman,
AYTred_2022_Neoga,
AYTred_2022_PleasantTwp,
AdvHY_Urb_19,0.8700228816541233
Adv_Car_19,0.9005871096528164
Adv_Neo_21,0.9695634652619245
Adv_Stj_19,0.8700228816541233
Adv_Stj_21,0.9791651867355846
Adv_Urb_19,0.8700228816541233
Adv_Urb_21,0.9614795785920625
Allele-BB_2015_NorthPlatte,0.9999999999999999
Allele-BB_2015_Sidney,0.9999999999999999
Big6_Fra_23,0.359610254012839
Big6_Fre_23,0.46867635348834585
Big6_Ith_23,0.44962884821993293
Big6_Laf_23,0.3542681781360002
Big6_Mas_23,0.3596102540128389
Big6_Prn_23,0.29858710026743346
Big6_Urb_23,0.41086014508497987
Big6_Vin_23,0.4243727099597996
Big6_Woo_23,0.4550861375433154
CornellMaster_2007_McGowan,0.9199204735250134
CornellMaster_2008_Ketola,0.9757199633128135
CornellMaster_2008_Snyder,0.9757199633128135
CornellMaster_2009_Helfer,0.9866782021539288
CornellMaster_2009_McGowan,0.9816400207518401
CornellMaster_2013_McGowan,1.0
CornellMaster_2015_Helfer,1.0
CornellMaster_2015_Ketola,1.0
CornellMaster_2015_McGowan,1.0
CornellMaster_2018_Helfer,0.9361239392429795
CornellMaster_2018_Ketola,0.9377257316585543
CornellMaster_2019_Ketola,0.929771899625098
CornellMaster_2020_Helfer,0.9408197977488199
CornellMaster_2021_Snyder,0.7631458054288484
CornellMaster_2023_McGowan,0.7038697127048983
DH2_Urb_21,
DH_Neo_21,
DH_Urb_21,
EWashingtonCereals_HRS_MLK_2005,
EWashingtonCereals_H_W_ALM_2004,
EWashingtonCereals_H_W_ALM_2021,
EWashingtonCereals_H_W_ALM_2022,
EWashingtonCereals_H_W_ANA_2021,
EWashingtonCereals_H_W_ANA_2022,
EWashingtonCereals_H_W_ANA_2023,
EWashingtonCereals_H_W_BIK_2003,
EWashingtonCereals_H_W_BIK_2021,
EWashingtonCereals_H_W_BIK_2022,
EWashingtonCereals_H_W_CON_2022,
EWashingtonCereals_H_W_DUG_2023,
EWashingtonCereals_H_W_EUR_2020,
EWashingtonCereals_H_W_EUR_2021,
EWashingtonCereals_H_W_EUR_2022,
EWashingtonCereals_H_W_EUR_2023,1.0
EWashingtonCereals_H_W_HH_2002,
EWashingtonCereals_H_W_HH_2003,
EWashingtonCereals_H_W_HH_2021,
EWashingtonCereals_H_W_HH_2022,
EWashingtonCereals_H_W_HH_2023,
EWashingtonCereals_H_W_LAM_2021,
EWashingtonCereals_H_W_LAM_2022,
EWashingtonCereals_H_W_LAM_2023,
EWashingtonCereals_H_W_LND_2002,
EWashingtonCereals_H_W_LND_2003,
EWashingtonCereals_H_W_LND_2004,
EWashingtonCereals_H_W_LND_2021,
EWashingtonCereals_H_W_LND_2022,
EWashingtonCereals_H_W_LND_2023,
EWashingtonCereals_H_W_PUL_2002,
EWashingtonCereals_H_W_PUL_2003,
EWashingtonCereals_H_W_PUL_2004,
EWashingtonCereals_H_W_RER_2021,
EWashingtonCereals_H_W_RER_2022,
EWashingtonCereals_H_W_RER_2023,
EWashingtonCereals_H_W_RIT_2004,
EWashingtonCereals_H_W_RIT_2021,
EWashingtonCereals_H_W_RIT_2023,
EWashingtonCereals_H_W_STA_2002,
EWashingtonCereals_H_W_STA_2003,
EWashingtonCereals_H_W_STA_2004,
EWashingtonCereals_H_W_WAL_2004,
EWashingtonCereals_H_W_WAL_2020,
EWashingtonCereals_H_W_WAL_2022,
EWashingtonCereals_SWW_ALM_2013,
EWashingtonCereals_SWW_ALM_2014,
EWashingtonCereals_SWW_ALM_2015,1.0
EWashingtonCereals_SWW_ALM_2016,-0.9999999999999999
EWashingtonCereals_SWW_ALM_2017,0.966145738274674
EWashingtonCereals_SWW_ALM_2018,0.9620652063439354
EWashingtonCereals_SWW_ALM_2019,0.9610999630987287
EWashingtonCereals_SWW_ALM_2020,0.9622090217484291
EWashingtonCereals_SWW_ALM_2021,0.9527872523944932
EWashingtonCereals_SWW_ALM_2022,0.9211065930554169
EWashingtonCereals_SWW_ANA_2013,
EWashingtonCereals_SWW_ANA_2014,
EWashingtonCereals_SWW_ANA_2016,-1.0
EWashingtonCereals_SWW_ANA_2017,0.9621374757378109
EWashingtonCereals_SWW_ANA_2018,0.9620652063439354
EWashingtonCereals_SWW_ANA_2019,0.9686743111386005
EWashingtonCereals_SWW_ANA_2020,0.9622090217484291
EWashingtonCereals_SWW_ANA_2021,0.9552714318509676
EWashingtonCereals_SWW_ANA_2022,0.9187256768004753
EWashingtonCereals_SWW_ANA_2023,0.9260227100252036
EWashingtonCereals_SWW_BIK_2017,
EWashingtonCereals_SWW_BIK_2018,-0.23996229090201346
EWashingtonCereals_SWW_BIK_2020,0.9588497424712075
EWashingtonCereals_SWW_BIK_2021,0.9527872523944932
EWashingtonCereals_SWW_CLT_2014,
EWashingtonCereals_SWW_CLT_2015,
EWashingtonCereals_SWW_CLT_2016,-1.0
EWashingtonCereals_SWW_CLT_2017,0.4197697663314093
EWashingtonCereals_SWW_CLT_2018,0.4197697663314093
EWashingtonCereals_SWW_CLT_2019,-0.5201265425260723
EWashingtonCereals_SWW_CLT_2020,0.12026184858107383
EWashingtonCereals_SWW_CLT_2021,0.10077007347150138
EWashingtonCereals_SWW_CLT_2022,0.5253773265221595
EWashingtonCereals_SWW_CLT_2023,-0.6727806946453371
EWashingtonCereals_SWW_CON_2013,
EWashingtonCereals_SWW_CON_2014,
EWashingtonCereals_SWW_CON_2015,1.0
EWashingtonCereals_SWW_CON_2016,-0.9999999999999999
EWashingtonCereals_SWW_CON_2017,0.966145738274674
EWashingtonCereals_SWW_CON_2018,0.9611076433248014
EWashingtonCereals_SWW_CON_2019,0.9622090217484291
EWashingtonCereals_SWW_CON_2020,0.9638478201579338
EWashingtonCereals_SWW_CON_2021,0.9539312671553339
EWashingtonCereals_SWW_CON_2022,0.8791777524541148
EWashingtonCereals_SWW_CRT_2013,
EWashingtonCereals_SWW_CRT_2014,
EWashingtonCereals_SWW_CRT_2015,1.0
EWashingtonCereals_SWW_CRT_2016,-1.0
EWashingtonCereals_SWW_CRT_2017,0.9662869891991204
EWashingtonCereals_SWW_CRT_2018,0.9577332711142793
EWashingtonCereals_SWW_CRT_2019,0.9610999630987287
EWashingtonCereals_SWW_CRT_2020,0.9641348247832024
EWashingtonCereals_SWW_CRT_2021,0.9534379267267391
EWashingtonCereals_SWW_CRT_2022,0.9211065930554169
EWashingtonCereals_SWW_CRT_2023,0.9296688246170534
EWashingtonCereals_SWW_DST_2013,
EWashingtonCereals_SWW_DST_2014,
EWashingtonCereals_SWW_DST_2015,1.0
EWashingtonCereals_SWW_DST_2017,0.9621374757378109
EWashingtonCereals_SWW_DST_2018,0.44596559171947436
EWashingtonCereals_SWW_DST_2019,-0.5201265425260723
EWashingtonCereals_SWW_DST_2020,0.12026184858107383
EWashingtonCereals_SWW_DST_2021,0.21457720652072035
EWashingtonCereals_SWW_DST_2022,0.49530050883942806
EWashingtonCereals_SWW_DST_2023,-0.6851914857605407
EWashingtonCereals_SWW_DTN_2014,
EWashingtonCereals_SWW_DTN_2015,
EWashingtonCereals_SWW_DTN_2016,-0.9999999999999999
EWashingtonCereals_SWW_DTN_2017,0.39243761429733726
EWashingtonCereals_SWW_DTN_2018,0.39243761429733737
EWashingtonCereals_SWW_DTN_2019,0.44596559171947436
EWashingtonCereals_SWW_DTN_2020,0.18187292770612715
EWashingtonCereals_SWW_DTN_2021,0.10077007347150138
EWashingtonCereals_SWW_DTN_2022,0.49530050883942806
EWashingtonCereals_SWW_DTN_2023,-0.6393692989574972
EWashingtonCereals_SWW_DUG_2023,0.8752908170507873
EWashingtonCereals_SWW_EUR_2017,0.9555967710773166
EWashingtonCereals_SWW_EUR_2017_blends,
EWashingtonCereals_SWW_EUR_2018,0.4197697663314093
EWashingtonCereals_SWW_EUR_2019,0.3887699888899208
EWashingtonCereals_SWW_EUR_2020,0.3887699888899208
EWashingtonCereals_SWW_EUR_2021,0.4197697663314093
EWashingtonCereals_SWW_EUR_2022,0.925535096727972
EWashingtonCereals_SWW_EUR_2023,0.9310506473097746
EWashingtonCereals_SWW_FAF_2014,
EWashingtonCereals_SWW_FAF_2016,-1.0
EWashingtonCereals_SWW_FAF_2017,0.39243761429733726
EWashingtonCereals_SWW_FAF_2018,0.3821956947709047
EWashingtonCereals_SWW_FAF_2019,-0.5037813011086932
EWashingtonCereals_SWW_FAF_2020,0.21457720652072035
EWashingtonCereals_SWW_FAF_2021,0.10077007347150138
EWashingtonCereals_SWW_FAF_2022,0.470845098335157
EWashingtonCereals_SWW_FAF_2023,-0.695027543415349
EWashingtonCereals_SWW_FAR_2014,
EWashingtonCereals_SWW_FAR_2015,
EWashingtonCereals_SWW_FAR_2016,-0.9999999999999999
EWashingtonCereals_SWW_FAR_2018,0.3887699888899208
EWashingtonCereals_SWW_FAR_2019,-0.38657400869877856
EWashingtonCereals_SWW_FAR_2020,0.14603776782498173
EWashingtonCereals_SWW_FAR_2021,0.12026184858107378
EWashingtonCereals_SWW_FAR_2022,0.5199547150369191
EWashingtonCereals_SWW_FAR_2023,-0.6393692989574972
EWashingtonCereals_SWW_HAR_2013,
EWashingtonCereals_SWW_HAR_2014,
EWashingtonCereals_SWW_HAR_2016,-1.0
EWashingtonCereals_SWW_HAR_2017,0.9620579225761217
EWashingtonCereals_SWW_HAR_2018,0.9630782530397695
EWashingtonCereals_SWW_HAR_2020,0.9588497424712075
EWashingtonCereals_SWW_HAR_2021,0.9525141930145057
EWashingtonCereals_SWW_HAR_2022,0.8791777524541148
EWashingtonCereals_SWW_HAR_2023,0.8713776535686404
EWashingtonCereals_SWW_HH_2013,
EWashingtonCereals_SWW_HH_2014,
EWashingtonCereals_SWW_HH_2016,-1.0
EWashingtonCereals_SWW_HH_2017,0.966145738274674
EWashingtonCereals_SWW_HH_2018,0.9634766041746584
EWashingtonCereals_SWW_HH_2020,0.9588497424712075
EWashingtonCereals_SWW_HH_2021,0.9527872523944932
EWashingtonCereals_SWW_HH_2022,0.8819018782457889
EWashingtonCereals_SWW_HH_2023,0.8713776535686404
EWashingtonCereals_SWW_LAM_2013,
EWashingtonCereals_SWW_LAM_2014,
EWashingtonCereals_SWW_LAM_2015,1.0
EWashingtonCereals_SWW_LAM_2016,-1.0
EWashingtonCereals_SWW_LAM_2019,0.9641348247832027
EWashingtonCereals_SWW_LAM_2020,0.9622090217484291
EWashingtonCereals_SWW_LAM_2021,0.9539312671553339
EWashingtonCereals_SWW_LAM_2022,0.9143554388092119
EWashingtonCereals_SWW_LAM_2023,0.9268595519360345
EWashingtonCereals_SWW_LND_2013,
EWashingtonCereals_SWW_LND_2014,
EWashingtonCereals_SWW_LND_2015,1.0
EWashingtonCereals_SWW_LND_2016,-0.9999999999999999
EWashingtonCereals_SWW_LND_2017,0.9621374757378109
EWashingtonCereals_SWW_LND_2018,0.9620652063439354
EWashingtonCereals_SWW_LND_2019,0.9641348247832027
EWashingtonCereals_SWW_LND_2020,0.9610999630987287
EWashingtonCereals_SWW_LND_2021,0.9525141930145057
EWashingtonCereals_SWW_LND_2022,0.8819018782457889
EWashingtonCereals_SWW_LND_2023,0.8713776535686404
EWashingtonCereals_SWW_MAT_2022,0.6788397495038457
EWashingtonCereals_SWW_MLK_2014,
EWashingtonCereals_SWW_MLK_2015,
EWashingtonCereals_SWW_MLK_2016,-1.0
EWashingtonCereals_SWW_MLK_2017,0.3887699888899208
EWashingtonCereals_SWW_MLK_2018,0.4197697663314093
EWashingtonCereals_SWW_MLK_2019,-0.5037813011086932
EWashingtonCereals_SWW_MLK_2020,-0.38657400869877856
EWashingtonCereals_SWW_MLK_2021,0.18187292770612717
EWashingtonCereals_SWW_MLK_2022,0.6868502489780565
EWashingtonCereals_SWW_MLK_2023,-0.48909051267687137
EWashingtonCereals_SWW_MLK_2023_seed_rate,
EWashingtonCereals_SWW_MVW_2014,
EWashingtonCereals_SWW_MVW_2015,
EWashingtonCereals_SWW_MVW_2017,0.44596559171947425
EWashingtonCereals_SWW_MVW_2018,0.3821956947709047
EWashingtonCereals_SWW_MVW_2019,-0.2883956728870508
EWashingtonCereals_SWW_MVW_2020,0.1007700734715014
EWashingtonCereals_SWW_MVW_2021,-0.5577843117928182
EWashingtonCereals_SWW_MVW_2022,0.5199547150369191
EWashingtonCereals_SWW_MVW_2023,-0.6727806946453371
EWashingtonCereals_SWW_OTH_2023,-0.7314935938714637
EWashingtonCereals_SWW_OTH_2023_seed_rate,
EWashingtonCereals_SWW_PSC_2016,-1.0
EWashingtonCereals_SWW_PSC_2017,0.3821956947709046
EWashingtonCereals_SWW_PSC_2018,0.4197697663314093
EWashingtonCereals_SWW_PSC_2019,-0.5037813011086932
EWashingtonCereals_SWW_PSC_2021,0.21457720652072032
EWashingtonCereals_SWW_PUL_2014,
EWashingtonCereals_SWW_PUL_2015,
EWashingtonCereals_SWW_PUL_2016,-1.0
EWashingtonCereals_SWW_PUL_2017,0.4197697663314093
EWashingtonCereals_SWW_PUL_2018,0.3924376142973373
EWashingtonCereals_SWW_PUL_2019,-0.5201265425260723
EWashingtonCereals_SWW_PUL_2020,0.21457720652072035
EWashingtonCereals_SWW_PUL_2021,0.12026184858107378
EWashingtonCereals_SWW_PUL_2022,0.5199547150369191
EWashingtonCereals_SWW_PUL_2023,-0.695027543415349
EWashingtonCereals_SWW_RER_2014,
EWashingtonCereals_SWW_RER_2015,
EWashingtonCereals_SWW_RER_2016,-1.0
EWashingtonCereals_SWW_RER_2017,0.9655760632862009
EWashingtonCereals_SWW_RER_2018,0.9630782530397695
EWashingtonCereals_SWW_RER_2019,0.9638478201579338
EWashingtonCereals_SWW_RER_2020,0.9610999630987287
EWashingtonCereals_SWW_RER_2021,0.9539312671553339
EWashingtonCereals_SWW_RER_2022,0.9223648240033876
EWashingtonCereals_SWW_RER_2023,0.9282419772374935
EWashingtonCereals_SWW_RIT_2013,
EWashingtonCereals_SWW_RIT_2014,
EWashingtonCereals_SWW_RIT_2015,1.0
EWashingtonCereals_SWW_RIT_2017,0.9620579225761217
EWashingtonCereals_SWW_RIT_2018,0.9630782530397695
EWashingtonCereals_SWW_RIT_2019,0.9638478201579338
EWashingtonCereals_SWW_RIT_2021,0.9527872523944932
EWashingtonCereals_SWW_RIT_2023,0.8764050204339064
EWashingtonCereals_SWW_STA_2013,
EWashingtonCereals_SWW_STA_2017,0.9662869891991204
EWashingtonCereals_SWW_STA_2018,0.9620652063439354
EWashingtonCereals_SWW_STA_2019,0.9588497424712075
EWashingtonCereals_SWW_STA_2020,0.9638478201579338
EWashingtonCereals_SWW_STJ_2014,
EWashingtonCereals_SWW_STJ_2015,
EWashingtonCereals_SWW_STJ_2016,-1.0
EWashingtonCereals_SWW_STJ_2017,0.44596559171947425
EWashingtonCereals_SWW_STJ_2018,0.3821956947709047
EWashingtonCereals_SWW_STJ_2019,-0.5201265425260723
EWashingtonCereals_SWW_STJ_2020,0.12026184858107383
EWashingtonCereals_SWW_STJ_2021,0.12026184858107378
EWashingtonCereals_SWW_STJ_2022,0.5253773265221595
EWashingtonCereals_SWW_STJ_2023,-0.695027543415349
EWashingtonCereals_SWW_WAL_2014,
EWashingtonCereals_SWW_WAL_2015,
EWashingtonCereals_SWW_WAL_2016,-1.0
EWashingtonCereals_SWW_WAL_2017,0.4197697663314093
EWashingtonCereals_SWW_WAL_2018,0.3887699888899208
EWashingtonCereals_SWW_WAL_2019,0.3821956947709046
EWashingtonCereals_SWW_WAL_2020,0.3821956947709047
EWashingtonCereals_SWW_WAL_2021,0.4197697663314093
EWashingtonCereals_SWW_WAL_2023,-0.6770587869027818
EWashingtonCereals_WWCL_ANA_2023,0.711357268288007
EWashingtonCereals_WWCL_CLT_2023,0.7064169737663832
EWashingtonCereals_WWCL_CRT_2023,0.6837944960905242
EWashingtonCereals_WWCL_DST_2023,0.7142739639507188
EWashingtonCereals_WWCL_DTN_2023,0.7064169737663832
EWashingtonCereals_WWCL_DUG_2023,0.6670222738239389
EWashingtonCereals_WWCL_EUR_2019,-1.0
EWashingtonCereals_WWCL_EUR_2020,-1.0
EWashingtonCereals_WWCL_EUR_2021,-1.0
EWashingtonCereals_WWCL_EUR_2022,-1.0
EWashingtonCereals_WWCL_EUR_2023,0.7064169737663832
EWashingtonCereals_WWCL_FAF_2023,0.6670222738239389
EWashingtonCereals_WWCL_FAR_2023,0.6837944960905242
EWashingtonCereals_WWCL_HAR_2023,0.7142739639507188
EWashingtonCereals_WWCL_HH_2023,0.7064169737663832
EWashingtonCereals_WWCL_LAM_2023,0.6837944960905242
EWashingtonCereals_WWCL_LND_2023,0.7142739639507188
EWashingtonCereals_WWCL_MLK_2023,0.17023044464096215
EWashingtonCereals_WWCL_MVW_2023,0.7064169737663832
EWashingtonCereals_WWCL_OTH_2023,0.16112908114355123
EWashingtonCereals_WWCL_PUL_2023,0.711357268288007
EWashingtonCereals_WWCL_RER_2023,0.6837944960905242
EWashingtonCereals_WWCL_RIT_2023,0.7064169737663832
EWashingtonCereals_WWCL_STJ_2023,0.6837944960905242
EWashingtonCereals_WWCL_WAL_2019,-1.0
EWashingtonCereals_WWCL_WAL_2020,-1.0
EWashingtonCereals_WWCL_WAL_2021,-1.0
EWashingtonCereals_WWCL_WAL_2022,0.15017237038031103
EWashingtonCereals_WWCL_WAL_2023,0.6670222738239389
F5_2_SP_SWW_2022_Pullman,0.9950974870687369
F5_SP_SWW_2022_Pullman,0.9396773655276344
FFAR_2023_BLAVA,1.0
FFAR_2023_WARVA,1.0
HRWElite_2022_BLAVA,0.8450432363251693
HRWElite_2022_WARVA,0.8191061014980414
HRWElite_2023_BLAVA,0.49191964254010223
HRWElite_2023_WARVA,0.5322077038666865
HRWObs_2022_BLAVA,0.7751947712467772
HRWObs_2022_WARVA,0.7941285349200801
HRWObs_2023_BLAVA,0.8347550997646801
HRWObs_2023_WARVA,0.8110554167516206
HRWPrelim_2022_BLAVA,0.3479147301783772
HRWPrelim_2022_WARVA,0.3335987603658849
HWWpanel_2012_Bushland,0.7529578165752628
HWWpanel_2012_Greeley_Dry,0.7485543962048539
HWWpanel_2012_Greeley_Irr,0.7119399351285239
HWWpanel_2012_Manhattan_Dry,0.7594877063305226
HWWpanel_2012_Manhattan_Irr,0.7552262770530666
HWWpanel_2012_Mead,0.7529578165752628
HWWpanel_2012_Tipton,0.7119399351285239
HWWpanel_2013_Ardmore,0.7441292788267634
HWWpanel_2013_FortCollins_Dry,0.8164827102856589
HWWpanel_2013_FortCollins_Irr,0.7119399351285239
HWWpanel_2013_Hays,0.7529578165752628
HWWpanel_2013_Tipton,0.7119399351285239
Jessica_2022_BLAVA,0.9133537670927112
Jessica_2022_WARVA,0.9191509055408841
Jessica_2023_BLAVA,0.5156028189108369
Jessica_2023_WARVA,0.7133677642768377
KansasAYN3_2023_WARVA,0.9701942713748555
MSU_Neo_22,1.0
MSU_Neo_23,-0.6110786801182096
NDK-WHEAT-2005-CARRINGTON,0.994076373252558
NDK-WHEAT-2006-CARRINGTON,0.9963506566879133
NDK-WHEAT-2006-HETTINGER,0.9961455782806762
NDK-WHEAT-2006-LANGDON,0.9938409050497888
NDK-WHEAT-2006-LISBON,0.9951098344146107
NDK-WHEAT-2006-MANDAN,0.9963506566879133
NDK-WHEAT-2006-MINOT,0.9938409050497888
NDK-WHEAT-2006-PROSPER,0.9963506566879133
NDK-WHEAT-2006-WILLISTON,0.9951098344146107
NDK-WHEAT-2007-CARRINGTON,0.9963506566879133
NDK-WHEAT-2007-DICKINSON,0.9951098344146107
NDK-WHEAT-2007-HETTINGER,0.9961455782806762
NDK-WHEAT-2007-LANGDON,0.9938409050497888
NDK-WHEAT-2007-LISBON,0.9938409050497888
NDK-WHEAT-2007-MANDAN,0.9938409050497888
NDK-WHEAT-2007-PROSPER,0.9963506566879133
NDK-WHEAT-2007-WILLISTON,0.9938409050497888
NDK-WHEAT-2008-CARRINGTON,0.9988803842755228
NDK-WHEAT-2008-DICKINSON,0.9991133590110693
NDK-WHEAT-2008-HETTINGER,0.9991133590110693
NDK-WHEAT-2008-LANGDON,0.999246260914255
NDK-WHEAT-2008-LISBON,0.9994552408296548
NDK-WHEAT-2008-MANDAN,0.9991133590110693
NDK-WHEAT-2008-PROSPER,0.9991133590110693
NDK-WHEAT-2008-WILLISTON,0.9988432676119837
NDK-WHEAT-2009-CARRINGTON,0.9963764818337175
NDK-WHEAT-2009-DICKINSON,0.9965167391296124
NDK-WHEAT-2009-HETTINGER,0.9963764818337175
NDK-WHEAT-2009-LANGDON,0.9972825763138302
NDK-WHEAT-2009-LISBON,0.997489179837519
NDK-WHEAT-2009-MANDAN,0.9967930260060957
NDK-WHEAT-2009-MINOT,0.9967930260060957
NDK-WHEAT-2009-PROSPER,0.997489179837519
NDK-WHEAT-2009-WILLISTON,0.9972825763138302
NDK-WHEAT-2010-CARRINGTON,0.9841322559188487
NDK-WHEAT-2010-FORMAN,0.9871365152890118
NDK-WHEAT-2010-HETTINGER,0.9841322559188487
NDK-WHEAT-2010-LANGDON,0.9841322559188487
NDK-WHEAT-2010-MANDAN,0.9871365152890118
NDK-WHEAT-2010-PROSPER,0.9877696685824363
NDK-WHEAT-2010-WILLISTON,0.9823889734046819
NDK-WHEAT-2011-CARRINGTON,0.9827952198267045
NDK-WHEAT-2011-DICKINSON,0.9769749032177306
NDK-WHEAT-2011-FORMAN,0.9769749032177306
NDK-WHEAT-2011-LANGDON,0.9760571502031545
NDK-WHEAT-2011-MANDAN,0.9769749032177306
NDK-WHEAT-2011-MINOT,0.9760571502031545
NDK-WHEAT-2011-PROSPER,0.9760571502031545
NDK-WHEAT-2011-WILLISTON,0.9760571502031545
NDK-WHEAT-2012-CARRINGTON,0.9698219263769476
NDK-WHEAT-2012-DICKINSON,0.9739823740607598
NDK-WHEAT-2012-FORMAN,0.9739823740607598
NDK-WHEAT-2012-HETTINGER,0.9739823740607598
NDK-WHEAT-2012-LANGDON,0.9616431772565389
NDK-WHEAT-2012-MANDAN,0.9854609984636548
NDK-WHEAT-2012-MINOT,0.9690029754059769
NDK-WHEAT-2012-PROSPER,0.9731240100130558
NDK-WHEAT-2012-WILLISTON,0.9854609984636548
NDK-WHEAT-2013-CARRINGTON,0.9690029754059769
NDK-WHEAT-2013-DICKINSON,0.952557548307142
NDK-WHEAT-2013-FORMAN,0.9731240100130558
NDK-WHEAT-2013-LANGDON,0.9690029754059769
NDK-WHEAT-2013-MINOT,0.9690029754059769
NDK-WHEAT-2013-PROSPER,0.9634312700677099
NDK-WHEAT-2013-WILLISTON,0.9630888628026202
NDK-WHEAT-2013-WISHEK,0.9616431772565389
NDK-WHEAT-2014-CARRINGTON,0.9586243709369549
NDK-WHEAT-2014-DICKINSON,0.9586243709369549
NDK-WHEAT-2014-FORMAN,0.9634312700677099
NDK-WHEAT-2014-HETTINGER,0.9705508771289537
NDK-WHEAT-2014-LANGDON,0.9634312700677099
NDK-WHEAT-2014-MINOT,0.9705508771289537
NDK-WHEAT-2014-PROSPER,0.9634312700677099
NDK-WHEAT-2014-WISHEK,0.9586243709369549
NDK-WHEAT-2015-CARRINGTON,0.9785763093740657
NDK-WHEAT-2015-DICKINSON,0.9853217921278294
NDK-WHEAT-2015-FORMAN,0.9785763093740657
NDK-WHEAT-2015-HETTINGER,0.9854254040513496
NDK-WHEAT-2015-LANGDON,0.9854254040513496
NDK-WHEAT-2015-MINOT,0.9853217921278294
NDK-WHEAT-2015-WILLISTON,0.9755721768885912
NDK-WHEAT-2015-WISHEK,0.9853217921278294
NDK-WHEAT-2016-DICKINSON,0.978273300062868
NDK-WHEAT-2016-HETTINGER,0.9815971087496052
NDK-WHEAT-2016-LANGDON,0.9792961996490206
NDK-WHEAT-2016-MINOT,0.9812284496663319
NDK-WHEAT-2016-PROSPER,0.978273300062868
NDK-WHEAT-2016-WILLISTON,0.9792961996490206
NDK-WHEAT-2016-WISHEK,0.9792961996490206
NDK-WHEAT-2017-CARRINGTON,0.9595652667328677
NDK-WHEAT-2017-DICKINSON,0.9676673072033505
NDK-WHEAT-2017-HETTINGER,0.9595652667328677
NDK-WHEAT-2017-LANGDON,0.9720656416820164
NDK-WHEAT-2017-MINOT,0.9623989480174535
NDK-WHEAT-2017-WISHEK,0.9623989480174535
NDK-WHEAT-2018-CARRINGTON,0.9787915417711007
NDK-WHEAT-2018-DICKINSON,0.9640549384769476
NDK-WHEAT-2018-HETTINGER,0.9640549384769476
NDK-WHEAT-2018-MINOT,0.9670443434630189
NDK-WHEAT-2018-PROSPER,0.9744902418030484
NDK-WHEAT-2018-WILLISTON,0.9787915417711007
NIdahoCereals_H_W_CRA_2021,
NIdahoCereals_H_W_GEN_2021,
NIdahoCereals_H_W_LEW_2021,
NIdahoCereals_H_W_TEN_2021,
NIdahoCereals_SWW_BON_2015,1.0
NIdahoCereals_SWW_BON_2016,-0.4435462272678597
NIdahoCereals_SWW_BON_2017,-0.3337764017071597
NIdahoCereals_SWW_BON_2018,0.39243761429733726
NIdahoCereals_SWW_BON_2020,0.3821956947709047
NIdahoCereals_SWW_BON_2023,-0.6950275434153491
NIdahoCereals_SWW_CRA_2015,1.0
NIdahoCereals_SWW_CRA_2016,-0.3669202888095481
NIdahoCereals_SWW_CRA_2017,-0.23996229090201346
NIdahoCereals_SWW_CRA_2018,0.39243761429733737
NIdahoCereals_SWW_CRA_2019,0.10077007347150141
NIdahoCereals_SWW_CRA_2020,0.3821956947709046
NIdahoCereals_SWW_CRA_2021,0.3821956947709047
NIdahoCereals_SWW_CRA_2022,0.12303202742517626
NIdahoCereals_SWW_CRA_2023,-0.695027543415349
NIdahoCereals_SWW_GEN_2015,1.0
NIdahoCereals_SWW_GEN_2016,-0.3669202888095481
NIdahoCereals_SWW_GEN_2017,-0.33377640170715966
NIdahoCereals_SWW_GEN_2018,0.39243761429733737
NIdahoCereals_SWW_GEN_2019,0.1007700734715014
NIdahoCereals_SWW_GEN_2020,0.3821956947709047
NIdahoCereals_SWW_GEN_2021,0.3821956947709047
NIdahoCereals_SWW_GEN_2022,0.11721718114685638
NIdahoCereals_SWW_GEN_2023,-0.6727806946453371
NIdahoCereals_SWW_LEW_2015,1.0
NIdahoCereals_SWW_LEW_2016,-0.23996229090201346
NIdahoCereals_SWW_LEW_2017,-0.23996229090201346
NIdahoCereals_SWW_LEW_2018,0.4197697663314093
NIdahoCereals_SWW_LEW_2019,0.12026184858107383
NIdahoCereals_SWW_LEW_2020,0.44596559171947436
NIdahoCereals_SWW_LEW_2021,0.4197697663314093
NIdahoCereals_SWW_LEW_2022,0.11721718114685635
NIdahoCereals_SWW_LEW_2023,-0.6727806946453371
NIdahoCereals_SWW_MOS_2015,1.0
NIdahoCereals_SWW_MOS_2016,-0.4435462272678597
NIdahoCereals_SWW_MOS_2018,0.3887699888899208
NIdahoCereals_SWW_MOS_2019,0.21457720652072032
NIdahoCereals_SWW_MOS_2020,0.3887699888899208
NIdahoCereals_SWW_MOS_2023,-0.6423480789854928
NIdahoCereals_SWW_TEN_2015,1.0
NIdahoCereals_SWW_TEN_2016,-0.46774866023255407
NIdahoCereals_SWW_TEN_2017,-0.23996229090201346
NIdahoCereals_SWW_TEN_2018,0.3924376142973373
NIdahoCereals_SWW_TEN_2019,0.18187292770612715
NIdahoCereals_SWW_TEN_2020,0.44596559171947436
NIdahoCereals_SWW_TEN_2021,0.3821956947709047
NIdahoCereals_SWW_TEN_2022,0.11454370878412116
NIdahoCereals_SWW_TEN_2023,-0.6393692989574973
NIdahoCereals_WWCL_BON_2020,-1.0
NIdahoCereals_WWCL_BON_2023,-1.0
NIdahoCereals_WWCL_CRA_2020,-1.0
NIdahoCereals_WWCL_CRA_2021,-1.0
NIdahoCereals_WWCL_CRA_2022,-1.0
NIdahoCereals_WWCL_CRA_2023,-1.0
NIdahoCereals_WWCL_GEN_2020,-1.0
NIdahoCereals_WWCL_GEN_2021,-1.0
NIdahoCereals_WWCL_GEN_2022,-1.0
NIdahoCereals_WWCL_GEN_2023,-1.0
NIdahoCereals_WWCL_LEW_2020,-1.0
NIdahoCereals_WWCL_LEW_2021,-1.0
NIdahoCereals_WWCL_LEW_2022,-1.0
NIdahoCereals_WWCL_LEW_2023,-1.0
NIdahoCereals_WWCL_MOS_2020,-1.0
NIdahoCereals_WWCL_MOS_2023,-1.0
NIdahoCereals_WWCL_TEN_2020,-1.0
NIdahoCereals_WWCL_TEN_2021,-1.0
NIdahoCereals_WWCL_TEN_2022,-1.0
NIdahoCereals_WWCL_TEN_2023,-1.0
NSGC-LowN-Dry_2013_Aberdeen,
NSGC-NormN-Dry_2013_Aberdeen,
NSGC-NormN-Irr_2013_Aberdeen,
NUse-EffVal_2014_Mead,0.9091433772676494
Nuse-EffVal_2015_Mead,0.916781322404098
OHRWW_2023_MAD,0.3317427560316397
OHRWW_2023_SPO,0.02836757188797649
ORG_Dan_19,0.8027596055663682
ORG_Urb_19,0.8463021191492095
OVT_Blv_23,-0.9999999999999998
OVT_Elk_23,-0.9999999999999999
OVT_Ham_23,-0.881697754100352
OVT_Per_23,-0.6790873003916498
OVT_Stp_23,-0.9999999999999998
OVT_Urb_23,-0.6790873003916499
OWW_2020_DANIL,0.1767736109158666
OWW_2020_MAD,0.19849299294590977
OWW_2021_DANIL,0.7111158279447558
OWW_2021_MAD,-0.20466587105416129
OWW_2021_SPO,-0.4946837566922224
OWW_2022_MAD,-0.05849606075702982
OWW_2022_SPO,0.08513240682675485
OregonCereals_H_W_COND_2020_NF,
OregonCereals_H_W_COND_2021,
OregonCereals_H_W_COND_2022,
OregonCereals_H_W_HER_2020_NF,
OregonCereals_H_W_HER_2021,
OregonCereals_H_W_HER_2022,
OregonCereals_H_W_KAS_2020_NF,
OregonCereals_H_W_KAS_2021,
OregonCereals_H_W_KAS_2022,
OregonCereals_H_W_LAG_2020,
OregonCereals_H_W_LAG_2021,
OregonCereals_H_W_LAG_2022,
OregonCereals_H_W_LEX_2020_NF,
OregonCereals_H_W_LEX_2022,
OregonCereals_H_W_MOR_2020_NF,
OregonCereals_H_W_MOR_2021,
OregonCereals_H_W_ONT_2020_NF,
OregonCereals_H_W_ONT_2021,
OregonCereals_H_W_ONT_2022,
OregonCereals_H_W_PEN_2020_NF,
OregonCereals_H_W_PEN_2021,
OregonCereals_H_W_PEN_2022,
OregonCereals_H_W_POM_2020,
OregonCereals_H_W_POM_2021,
OregonCereals_SWW_COND_2019,0.12303202742517624
OregonCereals_SWW_COND_2020_NF,-0.07904259122306075
OregonCereals_SWW_COND_2021,0.02335365354651669
OregonCereals_SWW_COND_2022,0.0774747205684397
OregonCereals_SWW_COND_2023,0.6185154831011652
OregonCereals_SWW_DUF_2019,0.12303202742517624
OregonCereals_SWW_DUF_2020,-0.03146047174794959
OregonCereals_SWW_DUF_2021,0.02335365354651669
OregonCereals_SWW_DUF_2022,0.0774747205684397
OregonCereals_SWW_DUF_2023,0.6185154831011652
OregonCereals_SWW_HER_2017,0.3924376142973373
OregonCereals_SWW_HER_2019,0.11343997076103461
OregonCereals_SWW_HER_2020_NF,-0.030904115057398235
OregonCereals_SWW_HER_2021,0.10091452352960903
OregonCereals_SWW_HER_2022,0.023353653546516702
OregonCereals_SWW_HER_2023,0.6185154831011652
OregonCereals_SWW_KAS_2017,0.3924376142973373
OregonCereals_SWW_KAS_2019,0.07001449177654245
OregonCereals_SWW_KAS_2020_NF,-0.030904115057398235
OregonCereals_SWW_KAS_2021,0.02335365354651669
OregonCereals_SWW_KAS_2022,0.0774747205684397
OregonCereals_SWW_KAS_2023,0.6161966654800123
OregonCereals_SWW_KBR_2020,0.12303202742517624
OregonCereals_SWW_KBR_2021,0.07001449177654245
OregonCereals_SWW_KBR_2023,0.5473864371359694
OregonCereals_SWW_KEN_2019,0.11343997076103461
OregonCereals_SWW_KEN_2020_NF,-0.030904115057398235
OregonCereals_SWW_KEN_2021,0.10089345573684781
OregonCereals_SWW_KEN_2022,0.023353653546516702
OregonCereals_SWW_KEN_2023,0.6185154831011652
OregonCereals_SWW_LAG_2017,0.44596559171947436
OregonCereals_SWW_LAG_2019,0.11454370878412116
OregonCereals_SWW_LAG_2020,-0.03146047174794959
OregonCereals_SWW_LAG_2021,0.10091452352960903
OregonCereals_SWW_LAG_2022,0.0774747205684397
OregonCereals_SWW_LAG_2023,0.6113833332762325
OregonCereals_SWW_LEX_2017,0.3887699888899208
OregonCereals_SWW_LEX_2019,0.11721718114685639
OregonCereals_SWW_LEX_2020_NF,-0.046997797532122784
OregonCereals_SWW_LEX_2021,0.02335365354651669
OregonCereals_SWW_LEX_2022,0.10589267989528373
OregonCereals_SWW_LEX_2023,0.6161966654800123
OregonCereals_SWW_MAD_2017,0.44596559171947436
OregonCereals_SWW_MAD_2019,0.11721718114685639
OregonCereals_SWW_MAD_2020,-0.8211779040705057
OregonCereals_SWW_MAD_2021,0.10589267989528374
OregonCereals_SWW_MAD_2022,0.10091452352960903
OregonCereals_SWW_MAD_2023,0.6161966654800123
OregonCereals_SWW_MOR_2019,0.07001449177654245
OregonCereals_SWW_MOR_2020_NF,-0.030904115057398235
OregonCereals_SWW_MOR_2021,0.02335365354651669
OregonCereals_SWW_MOR_2022,0.10589267989528373
OregonCereals_SWW_MOR_2023,0.6161966654800123
OregonCereals_SWW_NWI_2017,0.3924376142973373
OregonCereals_SWW_NWI_2019,0.12303202742517624
OregonCereals_SWW_NWI_2020,-0.030904115057398235
OregonCereals_SWW_NWI_2021,0.10091452352960903
OregonCereals_SWW_NWI_2022,0.10091452352960903
OregonCereals_SWW_NWI_2023,0.5473864371359694
OregonCereals_SWW_ONT_2019,0.11454370878412116
OregonCereals_SWW_ONT_2020_NF,-0.03146047174794959
OregonCereals_SWW_ONT_2021,0.10589267989528374
OregonCereals_SWW_ONT_2022,0.10589267989528373
OregonCereals_SWW_ONT_2023,0.5872350198277837
OregonCereals_SWW_PEN_2017_no_fungicides,0.44596559171947436
OregonCereals_SWW_PEN_2020_NF,-0.07904259122306075
OregonCereals_SWW_PEN_2021,0.1008934557368478
OregonCereals_SWW_PEN_2022,0.10589267989528373
OregonCereals_SWW_PEN_2023,0.5473864371359694
OregonCereals_SWW_POM_2017,0.4197697663314093
OregonCereals_SWW_POM_2019,0.07001449177654245
OregonCereals_SWW_POM_2020,-0.07904259122306075
OregonCereals_SWW_SVA_2017,0.4197697663314093
OregonCereals_SWW_SVA_2020,-0.07904259122306075
OregonCereals_SWW_SVA_2021,0.0774747205684397
OregonCereals_SWW_SVA_2022,0.023353653546516702
OregonCereals_SWW_SVA_2023,0.5872350198277837
OregonCereals_SWW_TUL_2022,0.12303202742517626
OregonCereals_SWW_TUL_2023,0.6113833332762325
OrgSW_Dan_21,1.0
Org_Dan_21,0.7156077181470104
Org_Dan_23,0.45690692323498483
PYN_2021_Burl,
PYN_2021_Jules,
PYN_2023_Burl,
PYN_2023_Jules,
PYT1_2021_BrookfieldTwp,
PYT1_2021_Deckerville,
PYT1_2021_Frankenmuth,
PYT1_2021_Mason,
PYT2_2021_BrookfieldTwp,
PYT2_2021_Deckerville,
PYT2_2021_Frankenmuth,
PYT2_2021_Mason,
PYT3_2021_BrookfieldTwp,
PYT3_2021_Deckerville,
PYT3_2021_Frankenmuth,
PYT3_2021_Mason,
Prelim_2_SWW_2023_Davenport,0.7680256149393483
Prelim_2_SWW_2023_Lind,0.7350779194933846
Prelim_SWW_2022_Davenport,0.989005889488363
Prelim_SWW_2022_Pullman,-0.6510321957650432
Prelim_SWW_2023_Davenport,0.7588402679603212
Prelim_SWW_2023_Lind,0.7649334604300336
Prelim_SWW_2023_Pullman,-0.4971221377960533
PxW_2022_Sidney,1.0
RPN_2023_Alliance,0.8081833237674405
RPN_2023_Sidney,0.853005094188557
SDK-WHEAT-2006-BROOKINGS,0.8760822639293819
SDK-WHEAT-2006-HIGHMORE,0.894203726553297
SDK-WHEAT-2006-MARTIN,0.8545321868535105
SDK-WHEAT-2006-OELRICHS,0.8724572518083977
SDK-WHEAT-2006-STURGIS,0.857441531714099
SDK-WHEAT-2006-WALL,0.857441531714099
SDK-WHEAT-2006-WINNER,0.8760822639293819
SDK-WHEAT-2007-BISON,0.9910731077764265
SDK-WHEAT-2007-BROOKINGS,0.9936141356372005
SDK-WHEAT-2007-DAKOTA_LAKES,0.9936141356372005
SDK-WHEAT-2007-HAYES,0.9910731077764265
SDK-WHEAT-2007-KENNEBEC,0.9917295459410863
SDK-WHEAT-2007-MARTIN,0.9936141356372005
SDK-WHEAT-2007-ONIDA,0.9936141356372005
SDK-WHEAT-2007-PLATTE,0.9917295459410863
SDK-WHEAT-2007-SELBY,0.9917295459410863
SDK-WHEAT-2007-STURGIS,0.9907888065823036
SDK-WHEAT-2007-WALL,0.9942644914244458
SDK-WHEAT-2007-WATERTOWN,0.9942644914244458
SDK-WHEAT-2007-WINNER,0.9907888065823036
SDK-WHEAT-2008-BROOKINGS,0.9910731077764265
SDK-WHEAT-2008-BROOKINGS-IMS,0.9936141356372005
SDK-WHEAT-2008-HAYES,0.9917295459410863
SDK-WHEAT-2008-KENNEBEC,0.9917295459410863
SDK-WHEAT-2008-MARTIN,0.9910731077764265
SDK-WHEAT-2008-ONIDA,0.9936141356372005
SDK-WHEAT-2008-PIERRE,0.9942644914244458
SDK-WHEAT-2008-PLATTE,0.9936141356372005
SDK-WHEAT-2008-SELBY,0.9910731077764265
SDK-WHEAT-2008-SOUTH_SHORE,0.9910731077764265
SDK-WHEAT-2008-STURGIS,0.9917295459410863
SDK-WHEAT-2008-WALL,0.9936141356372005
SDK-WHEAT-2008-WINNER,0.9936141356372005
SDK-WHEAT-2008-WINNER-IMS,0.9936141356372005
SDK-WHEAT-2009-BROOKINGS-CPT,0.9875735712506534
SDK-WHEAT-2009-BROOKINGS-IMS,0.9913181231139925
SDK-WHEAT-2009-HAYES,0.9892991018968907
SDK-WHEAT-2009-KENNEBEC,0.990287915403572
SDK-WHEAT-2009-ONIDA,0.9875735712506534
SDK-WHEAT-2009-PIERRE,0.9881546910649341
SDK-WHEAT-2009-PLATTE,0.9913181231139925
SDK-WHEAT-2009-SELBY,0.9875735712506534
SDK-WHEAT-2009-WALL,0.9892991018968907
SDK-WHEAT-2009-WINNER-CPT,0.9881546910649341
SDK-WHEAT-2009-WINNER-IMS,0.990287915403572
SDK-WHEAT-2010-BERESFORD,0.9913181231139925
SDK-WHEAT-2010-BISON,0.9913181231139925
SDK-WHEAT-2010-BROOKINGS,0.9875735712506534
SDK-WHEAT-2010-BROOKINGS-IMS,0.9875735712506534
SDK-WHEAT-2010-HAYES,0.9881546910649341
SDK-WHEAT-2010-KENNEBEC,0.9892991018968907
SDK-WHEAT-2010-ONIDA,0.9913181231139925
SDK-WHEAT-2010-PIERRE,0.9881546910649341
SDK-WHEAT-2010-PLATTE,0.9913181231139925
SDK-WHEAT-2010-SELBY,0.9913181231139925
SDK-WHEAT-2010-SELBY-IMS,0.9881546910649341
SDK-WHEAT-2010-STURGIS,0.9875735712506534
SDK-WHEAT-2010-WALL,0.9875735712506534
SDK-WHEAT-2014-BERESFORD,0.9490337049722204
SDK-WHEAT-2014-BISON,0.9490296918626117
SDK-WHEAT-2014-BROOKINGS,0.9602307040868026
SDK-WHEAT-2014-BROOKINGS-FUNG,0.9490337049722204
SDK-WHEAT-2014-KENNEBEC,0.9490296918626117
SDK-WHEAT-2014-MARTIN,0.950595188630327
SDK-WHEAT-2014-MCLAUGHLIN,0.9602307040868026
SDK-WHEAT-2014-ONIDA,0.9634977415593614
SDK-WHEAT-2014-PIERRE,0.9490337049722204
SDK-WHEAT-2014-STURGIS,0.9490296918626117
SDK-WHEAT-2014-WALL,0.9490296918626117
SDK-WHEAT-2014-WINNER,0.9490296918626117
SDK-WHEAT-2014-WINNER-FUNG,0.9634977415593614
SDK-WHEAT-2015-BERESFORD,0.937886500381825
SDK-WHEAT-2015-BISON,0.947991039113443
SDK-WHEAT-2015-BROOKINGS,0.937886500381825
SDK-WHEAT-2015-BROOKINGS-FUNG,0.923507439965362
SDK-WHEAT-2015-HAYES,0.937886500381825
SDK-WHEAT-2015-KENNEBEC,0.937886500381825
SDK-WHEAT-2015-MARTIN,0.923507439965362
SDK-WHEAT-2015-MCLAUGHLIN,0.923507439965362
SDK-WHEAT-2015-ONIDA,0.9181465233660949
SDK-WHEAT-2015-SELBY,0.9181465233660949
SDK-WHEAT-2015-STURGIS,0.9181465233660949
SDK-WHEAT-2015-WALL,0.923507439965362
SDK-WHEAT-2015-WINNER,0.947991039113443
SDK-WHEAT-2015-WINNER-FUNG,0.9271034395457131
SDK-WHEAT-2016-BERESFORD,0.9346104388573603
SDK-WHEAT-2016-BISON,0.9289531386876541
SDK-WHEAT-2016-BROOKINGS,0.9244888517443709
SDK-WHEAT-2016-BROOKINGS-FUNG,0.9346104388573603
SDK-WHEAT-2016-DAKOTA_LAKES,0.9417658111755919
SDK-WHEAT-2016-FAITH,0.9267238992807245
SDK-WHEAT-2016-GEDDES,0.9289531386876541
SDK-WHEAT-2016-HAYES,0.9267238992807245
SDK-WHEAT-2016-KENNEBEC,0.9417658111755919
SDK-WHEAT-2016-MARTIN,0.9346104388573603
SDK-WHEAT-2016-ONIDA,0.9244888517443709
SDK-WHEAT-2016-SELBY,0.9267238992807245
SDK-WHEAT-2016-SOUTH_SHORE,0.9417658111755919
SDK-WHEAT-2016-STURGIS,0.9346104388573603
SDK-WHEAT-2016-WALL,0.9267238992807245
SDK-WHEAT-2016-WINNER,0.9244888517443709
SDK-WHEAT-2016-WINNER_INTENSIVE,0.9417658111755919
SDK-WHEAT-2017-BERESFORD,0.9460787704073439
SDK-WHEAT-2017-BISON,0.9460787704073439
SDK-WHEAT-2017-BROOKINGS,0.9426145697369385
SDK-WHEAT-2017-BROOKINGS-FUNG,0.9426145697369385
SDK-WHEAT-2017-FAITH,0.9460787704073439
SDK-WHEAT-2017-GEDDES,0.9383274913983625
SDK-WHEAT-2017-MARTIN,0.9460787704073439
SDK-WHEAT-2017-ONIDA,0.9426145697369385
SDK-WHEAT-2017-PIERRE,0.9460787704073439
SDK-WHEAT-2017-SELBY,0.9460787704073439
SDK-WHEAT-2017-SOUTH_SHORE,0.9377887488463863
SDK-WHEAT-2017-STURGIS,0.9561148837973737
SDK-WHEAT-2017-VIVIAN,0.9561148837973737
SDK-WHEAT-2017-WALL,0.9377887488463863
SDK-WHEAT-2017-WINNER,0.9561148837973737
SDK-WHEAT-2017-WINNER_INTENSIVE,0.9377887488463863
SDK-WHEAT-2018-BISON,0.9731121885758169
SDK-WHEAT-2018-BROOKINGS,0.9593182926075603
SDK-WHEAT-2018-BROOKINGS-INT,0.9641505614501332
SDK-WHEAT-2018-FAITH,0.958016886183789
SDK-WHEAT-2018-GEDDES,0.958016886183789
SDK-WHEAT-2018-HAYES,0.9593182926075603
SDK-WHEAT-2018-MARTIN,0.958016886183789
SDK-WHEAT-2018-MT_VERNON,0.958016886183789
SDK-WHEAT-2018-PIERRE,0.9641505614501332
SDK-WHEAT-2018-SELBY,0.9731121885758169
SDK-WHEAT-2018-SOUTH_SHORE,0.9731121885758169
SDK-WHEAT-2018-STURGIS,0.9593182926075603
SDK-WHEAT-2018-VIVIAN,0.9731121885758169
SDK-WHEAT-2018-WALL,0.958016886183789
SDK-WHEAT-2018-WINNER,0.9731121885758169
SDK-WHEAT-2018-WINNER-INT,0.9641505614501332
SEIdahoCereals_HRW_AB_2006,1.0
SEIdahoCereals_HRW_KIM_2006,1.0
SEIdahoCereals_H_W_AB_2008,0.9750124123727332
SEIdahoCereals_H_W_AB_2009,1.0
SEIdahoCereals_H_W_AB_2010,0.9797832251830327
SEIdahoCereals_H_W_AB_2011,0.9792959699165947
SEIdahoCereals_H_W_AB_2012,0.9999999999999998
SEIdahoCereals_H_W_AB_2013,0.9999999999999998
SEIdahoCereals_H_W_AB_2014,0.9999999999999998
SEIdahoCereals_H_W_AB_2015,0.9968344045798865
SEIdahoCereals_H_W_AB_2016,0.6852481299497584
SEIdahoCereals_H_W_AB_2017,0.9886317012392373
SEIdahoCereals_H_W_AB_2018,0.9889127747618932
SEIdahoCereals_H_W_AB_2019,0.1721859901042691
SEIdahoCereals_H_W_AB_2020,0.8859585947183909
SEIdahoCereals_H_W_AB_2021,0.9346621270424137
SEIdahoCereals_H_W_AB_2022,0.9346621270424137
SEIdahoCereals_H_W_AB_2023,0.9346621270424137
SEIdahoCereals_H_W_KIM_2008,0.9805258841487443
SEIdahoCereals_H_W_KIM_2009,1.0
SEIdahoCereals_H_W_KIM_2010,0.9797832251830331
SEIdahoCereals_H_W_KIM_2011,0.9797832251830327
SEIdahoCereals_H_W_KIM_2012,1.0
SEIdahoCereals_H_W_KIM_2013,0.9999999999999998
SEIdahoCereals_H_W_KIM_2014,1.0
SEIdahoCereals_H_W_KIM_2015,0.9943977985533192
SEIdahoCereals_H_W_KIM_2016,0.6625913430623618
SEIdahoCereals_H_W_KIM_2017,0.9889127747618932
SEIdahoCereals_H_W_KIM_2018,0.9889127747618932
SEIdahoCereals_H_W_KIM_2019,0.1721859901042691
SEIdahoCereals_H_W_KIM_2020,0.8727659120556158
SEIdahoCereals_H_W_KIM_2021,0.9346621270424137
SEIdahoCereals_H_W_KIM_2022,0.885958594718391
SEIdahoCereals_H_W_KIM_2023,0.8727659120556158
SEIdahoCereals_H_W_PRE_2009,1.0
SEIdahoCereals_H_W_REX_2018,0.9887878015014466
SEIdahoCereals_H_W_RI_2006,1.0
SEIdahoCereals_H_W_RI_2008,0.9792959699165947
SEIdahoCereals_H_W_RI_2009,1.0
SEIdahoCereals_H_W_RI_2010,0.9855215969535788
SEIdahoCereals_H_W_RI_2011,0.9750124123727331
SEIdahoCereals_H_W_RI_2012,0.7811898568865355
SEIdahoCereals_H_W_RI_2013,0.7486766233217091
SEIdahoCereals_H_W_RI_2014,0.7907015037403002
SEIdahoCereals_H_W_RI_2015,0.3377069188963517
SEIdahoCereals_H_W_RI_2016,0.403252530135544
SEIdahoCereals_H_W_RI_2017,0.3596472443066579
SEIdahoCereals_H_W_RI_2018,0.380994379113843
SEIdahoCereals_H_W_RI_2019,0.18314021402285938
SEIdahoCereals_H_W_RI_2020_dryland,0.9346621270424137
SEIdahoCereals_H_W_RI_2020_irrigated,0.8859585947183909
SEIdahoCereals_H_W_RI_2021_dryland,0.8727659120556156
SEIdahoCereals_H_W_RI_2021_irrigated,0.8859585947183909
SEIdahoCereals_H_W_RI_2022_irrigated,0.8727659120556158
SEIdahoCereals_H_W_RI_2023_dryland,0.9860196242386718
SEIdahoCereals_H_W_RI_2023_irrigated,0.8727659120556158
SEIdahoCereals_H_W_RK_2010,0.9750124123727332
SEIdahoCereals_H_W_RK_2011,0.9855215969535788
SEIdahoCereals_H_W_RK_2012,0.7433525318484216
SEIdahoCereals_H_W_RK_2013,0.7854472913642438
SEIdahoCereals_H_W_RK_2014,0.7907015037403002
SEIdahoCereals_H_W_RK_2015,0.3010955695375261
SEIdahoCereals_H_W_RK_2016,0.3494484829228028
SEIdahoCereals_H_W_RK_2017,0.380994379113843
SEIdahoCereals_H_W_RK_2018,0.399145622831364
SEIdahoCereals_H_W_RK_2020,0.9556949660645968
SEIdahoCereals_H_W_RK_2021,0.8727659120556158
SEIdahoCereals_H_W_RK_2022,0.9790986335377074
SEIdahoCereals_H_W_RT_2006,1.0
SEIdahoCereals_H_W_RT_2008,0.9805258841487443
SEIdahoCereals_H_W_RT_2009,1.0
SEIdahoCereals_H_W_RT_2010,0.9855215969535788
SEIdahoCereals_H_W_RT_2011,0.9797832251830328
SEIdahoCereals_H_W_RT_2012,1.0
SEIdahoCereals_H_W_RT_2013,0.9999999999999998
SEIdahoCereals_H_W_RT_2015,0.9968344045798866
SEIdahoCereals_H_W_RT_2016,0.6625913430623619
SEIdahoCereals_H_W_RT_2017,0.9886317012392373
SEIdahoCereals_H_W_RT_2018,0.9890792285605836
SEIdahoCereals_H_W_RT_2019,0.1824424285285878
SEIdahoCereals_H_W_RT_2020,0.9790986335377074
SEIdahoCereals_H_W_RT_2021,0.9556949660645968
SEIdahoCereals_H_W_RT_2022,0.9346621270424137
SEIdahoCereals_H_W_SOS_2015,0.31679558480163045
SEIdahoCereals_H_W_SOS_2016,0.6625913430623619
SEIdahoCereals_H_W_SOS_2017,0.34474887404126175
SEIdahoCereals_H_W_SOS_2018,0.3474562450835113
SEIdahoCereals_H_W_SOS_2019,0.18314021402285938
SEIdahoCereals_H_W_SOS_2020,0.9790986335377074
SEIdahoCereals_H_W_SOS_2022,0.9346621270424137
SEIdahoCereals_H_W_SOS_2023,0.9848520849812167
SEIdahoCereals_SWW_AB_2015,1.0
SEIdahoCereals_SWW_AB_2016,-0.33377640170715966
SEIdahoCereals_SWW_AB_2017,-0.366920288809548
SEIdahoCereals_SWW_AB_2018,0.9600340660690085
SEIdahoCereals_SWW_AB_2019,-0.46774866023255407
SEIdahoCereals_SWW_AB_2020,-0.5577843117928182
SEIdahoCereals_SWW_AB_2021,-0.8106414422632992
SEIdahoCereals_SWW_AB_2022,-0.7265610934199482
SEIdahoCereals_SWW_AB_2023,-0.8747339681920298
SEIdahoCereals_SWW_KIM_2015,1.0
SEIdahoCereals_SWW_KIM_2016,-0.4435462272678597
SEIdahoCereals_SWW_KIM_2017,-0.46774866023255407
SEIdahoCereals_SWW_KIM_2018,0.4717228976912934
SEIdahoCereals_SWW_KIM_2019,-0.4677486602325542
SEIdahoCereals_SWW_KIM_2020,-0.5037813011086932
SEIdahoCereals_SWW_KIM_2021,-0.810641442263299
SEIdahoCereals_SWW_KIM_2022,-0.7507765379889455
SEIdahoCereals_SWW_KIM_2023,-0.7885463539875871
SEIdahoCereals_SWW_REX_2018,0.4717228976912934
SEIdahoCereals_SWW_RI_2015,1.0
SEIdahoCereals_SWW_RI_2016,-0.46774866023255407
SEIdahoCereals_SWW_RI_2017,-0.23996229090201346
SEIdahoCereals_SWW_RI_2018,0.9497776230956583
SEIdahoCereals_SWW_RI_2019,0.9599725875262887
SEIdahoCereals_SWW_RI_2020_dryland,0.9342050645130814
SEIdahoCereals_SWW_RI_2020_irrigated,-0.38657400869877856
SEIdahoCereals_SWW_RI_2021_dryland,0.9593242160735798
SEIdahoCereals_SWW_RI_2021_irrigated,-0.798415887963158
SEIdahoCereals_SWW_RI_2022_irrigated,-0.9993999236088194
SEIdahoCereals_SWW_RI_2023_dryland,0.9377958990938834
SEIdahoCereals_SWW_RI_2023_irrigated,-0.7265610934199482
SEIdahoCereals_SWW_RK_2017,
SEIdahoCereals_SWW_RK_2018,0.9599725875262889
SEIdahoCereals_SWW_RK_2020,0.9332701659176619
SEIdahoCereals_SWW_RK_2021,0.9652586152835744
SEIdahoCereals_SWW_RK_2022,0.9366470382905426
SEIdahoCereals_SWW_RT_2015,1.0
SEIdahoCereals_SWW_RT_2016,-0.46774866023255424
SEIdahoCereals_SWW_RT_2017,-0.46774866023255407
SEIdahoCereals_SWW_RT_2018,0.5142680574357357
SEIdahoCereals_SWW_RT_2019,-0.33377640170715966
SEIdahoCereals_SWW_RT_2020,-0.5037813011086932
SEIdahoCereals_SWW_RT_2021,-0.8382003110652956
SEIdahoCereals_SWW_RT_2022,-0.9993999236088194
SEIdahoCereals_SWW_SOS_2015,
SEIdahoCereals_SWW_SOS_2016,-1.0
SEIdahoCereals_SWW_SOS_2017,1.0
SEIdahoCereals_SWW_SOS_2018,0.9577158952879717
SEIdahoCereals_SWW_SOS_2019,0.9611359309392227
SEIdahoCereals_SWW_SOS_2020,0.9245260905178008
SEIdahoCereals_SWW_SOS_2022,0.9342788920612018
SEIdahoCereals_SWW_SOS_2023,0.9414551649020616
SEIdahoCereals_WW_IF_2014,
SEIdahoCereals_WW_SOS_2011,
SEIdahoCereals_WW_SOS_2012,0.7854472913642437
SEIdahoCereals_WW_SOS_2013,0.7854472913642438
SEIdahoCereals_WW_SOS_2014,0.9999999999999998
SI_Urb_23,0.5212972003128943
SP_2_SWW_2023_Lind,0.947137227820115
SP_SWW_2023_Lind,0.9480939617208546
SP_SWW_2023_Pullman,0.34645951122825014
SRWObs_2022_BLAVA,
SRWObs_2022_WARVA,
SRWObs_2023_URBIL,0.34392788517531175
SWIdahoCereals_HRW_PAR_2021,0.9999999999999998
SWIdahoCereals_SWW_PAR_2017,0.3821956947709046
SWIdahoCereals_SWW_PAR_2018,1.0
SWIdahoCereals_SWW_PAR_2019,1.0
SWIdahoCereals_SWW_PAR_2020,-0.38657400869877856
SWIdahoCereals_SWW_PAR_2021,-0.8747339681920298
SWIdahoCereals_SWW_PAR_2022,-1.0
SWIdahoCereals_SWW_PAR_2023,-1.0
SWIdahoCereals_SWW_WEI_2018,0.07001449177654245
StateWheat_2022_BLAVA,0.9753158861529687
StateWheat_2022_WARVA,0.9726875383860542
StateWheat_2023_BLAVA,0.9603151912370352
StateWheat_2023_WARVA,0.9568136537257774
TCAP_2023_COLKS,-0.21207864542421015
TCAP_2023_HAYKS,-0.20041106904819142
TCAP_2023_HUTKS,-0.1929422645269352
TCAP_2023_MANKS,-0.2235786507178936
TP_2019_Frankenmuth,0.9852926721612696
TP_2019_Mason,0.9852926721612696
TP_2020_Frankenmuth,0.9851844474355107
TP_2020_Mason,0.9828767355130918
TP_2021_Frankenmuth,0.9436910457726588
TP_2021_Mason,0.9424478502536147
TXE_2022_Bushland-Irrigated,-1.0
TXE_2022_McGregor,-1.0
TXE_2023_Bushland-Irrigated,-1.0
TXE_2023_McGregor,-1.0
UMN-WHEAT-2013-CROOKSTON,0.9679037698249774
UMN-WHEAT-2013-LECENTER,0.9750468950808227
UMN-WHEAT-2013-ROSEAU,0.9778440172936231
UMN-WHEAT-2015-CROOKSTON,0.9842038232188314
UMN-WHEAT-2015-KIMBALL,0.9842038232188314
UMN-WHEAT-2015-LAMBERTON,0.9822201975616373
UMN-WHEAT-2015-LECENTER,0.9883947554709294
UMN-WHEAT-2015-STPAUL,0.9836658106837349
UMN-WHEAT-2016-CROOKSTON,0.9842038232188314
UMN-WHEAT-2016-KIMBALL,0.9836658106837349
UMN-WHEAT-2016-LAMBERTON,0.9883947554709294
UMN-WHEAT-2016-LECENTER,0.9842038232188314
UMN-WHEAT-2016-ROSEAU,0.9842038232188314
UMN-WHEAT-2016-STPAUL,0.9836658106837349
UMN-WHEAT-2017-CROOKSTON,0.44884630763986366
UMN-WHEAT-2017-LAMBERTON,0.4626796170225512
UMN-WHEAT-2017-LECENTER,0.49916410888666224
UMN-WHEAT-2017-STPAUL,0.4626796170225512
UMN-WHEAT-2018-KIMBALL,0.4928524030248759
UMN-WHEAT-2018-LECENTER,0.46121875496417836
UMN-WHEAT-2018-STPAUL,0.5034551601253501
UMN-WHEAT-2019-KIMBALL,0.5745453401361936
UMN-WHEAT-2019-LAMBERTON,0.558517386751449
UMN-WHEAT-2019-LECENTER,0.5993782032699562
UMN-WHEAT-2019-ROSEAU,0.558517386751449
UMN-WHEAT-2020-BECKER,0.968739097339463
UMN-WHEAT-2020-LAMBERTON,0.970239127019345
UMN-WHEAT-2020-STPAUL,0.9728230359615289
UniformHRW_2022_BLAVA,0.8987050291763502
UniformHRW_2022_WARVA,0.8981940659138832
UniformHRW_2023_BLAVA,0.8692328267672338
UniformHRW_2023_WARVA,0.858001616104877
UniformScab_2022_WARVA,-0.7802867331794386
WMSF_2021_Custar,0.951091655266513
WMSF_2021_Wooster,0.951091655266513
WWashingtonGrains_H_S_MTV_2020,
WWashingtonGrains_H_S_MTV_2022_organic,
WWashingtonGrains_SWW_MTV_2014_NF,
WWashingtonGrains_SWW_MTV_2016_NF,-0.33377640170715966
WWashingtonGrains_SWW_MTV_2017_NF,0.41976976633140933
WWashingtonGrains_SWW_MTV_2018,0.3887699888899208
WWashingtonGrains_SWW_MTV_2019,-0.5577843117928182
WheatPrelim_2023_BLAVA,0.8688048879228002
WheatPrelim_2023_WARVA,0.8974410770149178
YR1_2016_Wooster,1.0
YR1_2017_Wooster,
YR1_2018_Wooster,
YR2-1_2021_Custar,1.0
YR2-1_2021_Wooster,0.9999999999999999
YR2-2_2021_Fremont,0.9136144364012643
YR2-2_2021_Wooster,0.9136144364012643
YR2-3_2021_Custar,0.6408267913869893
YR2-3_2021_Fremont,0.649158201184385
YR2_2015_NWBranch,
YR2_2015_VCBranch,
YR2_2015_Wooster,
YR2_2016_NWBranch,
YR2_2016_VCBranch,
YR2_2016_Wooster,
YR2_2017_NWBranch,0.9999999999999999
YR2_2017_VCBranch,0.9999999999999999
YR2_2017_Wooster,0.9999999999999999
YR2_2018_NWBranch,
YR2_2018_VCBranch,
YR2_2018_Wooster,
YR3_2018_NWBranch,0.9999999999999999
YR3_2018_VCBranch,0.9999999999999999
YR3_2018_Wooster,0.9999999999999999
YR3_2021_Custar,0.7299996419844201
YR3_2021_Fremont,0.4150745262417993
YR3_2021_Wooster,0.7761890482633587
YR4_2017_NWBranch,-0.9999999999999999
YR4_2017_VCBranch,-1.0
YR4_2017_Wooster,-1.0
YR4_2018_NWBranch,-1.0
YR4_2018_VCBranch,-0.9999999999999999
YR4_2018_Wooster,-0.9999999999999999
YR4_2021_Custar,0.9999999999999999
YR4_2021_Fremont,0.9999999999999999
YR4_2021_Wooster,1.0
YT_Addie_23,-0.09308573831439496
YT_Blk_23,0.7034286664764828
YT_Blv_22,0.9133537670927115
YT_Blv_23,0.42205505426447415
YT_Neo_22,0.3107894551729676
YT_Neo_23,-0.09188447328291698
YT_Stj_22,0.9191509055408841
YT_Stp_22,0.9191509055408842
YT_Stp_23,-0.09308573831439497
YT_Urb_22,-0.16228829587554253
YT_Urb_23,0.25908361524946605
YT_War_23,0.7461465949118813
