ARS-NRPN_ALLIANCE,42.1014,-102.8727,town,ALLIANCE
ARS-NRPN_AMES,42.0347,-93.6199,town,AMES
ARS-NRPN_ARCHER,41.5750,-104.9390,town,ARCHER
ARS-NRPN_BOZEMAN,45.6770,-111.0429,town,BOZEMAN
ARS-NRPN_BROOKINGS,44.3100,-96.8000,exact,BROOKINGS
ARS-NRPN_CASSELTON,46.9000,-97.2151,town,CASSELTON
ARS-NRPN_DAKOTA_LAKES,44.1480,-99.2600,exact,DAKOTA_LAKES
ARS-NRPN_HETTINGER,46.0017,-102.6360,town,HETTINGER
ARS-NRPN_LINCOLN,40.8320,-96.6699,exact,LINCOLN
ARS-NRPN_MOCCASIN,47.0590,-109.9500,exact,MOCCASIN
ARS-NRPN_NORTH_PLATTE,41.0900,-100.7650,exact,NORTH_PLATTE
ARS-NRPN_ROSEMOUNT,44.7390,-93.1250,exact,ROSEMOUNT
ARS-NRPN_SALINA,38.8403,-97.6114,town,SALINA
ARS-NRPN_SIDNEY,47.7167,-104.1560,exact,SIDNEY
ARS-NRPN_WASECA,44.0736,-93.5070,exact,WASECA
ARS-NRPN_WILLISTON,48.1467,-103.6230,exact,WILLISTON
ARS-NRPN_WINNER,43.3761,-99.8593,town,WINNER
ARS-NRPN_GOODLAND,39.3500,-101.7167,exact,GOODLAND
ARS-NRPN_FORT_COLLINS,40.6550,-105.0000,exact,FORT_COLLINS
ARS-NRPN_MINOT,48.2325,-101.2963,town,MINOT
ARS-NRPN_LETHBRIDGE,49.6935,-112.8418,exact,LETHBRIDGE
ARS-NRPN_CARRINGTON,47.4490,-99.1260,exact,CARRINGTON
ARS-NRPN_WASECA,44.0736,-93.5070,exact,WASECA
ARS-NRPN_SIDNEY_MT,47.7167,-104.1560,exact,SIDNEY
ARS-NRPN_WILLISTON,48.1467,-103.6230,exact,WILLISTON
ARS-NRPN_CROOKSTON,47.7740,-96.6080,town,CROOKSTON
ARS-NRPN_ST_PAUL,44.9537,-93.0900,exact,ST_PAUL
ARS-NRPN_SELBY,45.5069,-100.0329,town,SELBY
ARS-NRPN_PALMER,46.3530,-94.7910,town,PALMER
ARS-NRPN_PROSPER,47.0017,-97.1009,town,PROSPER
ARS-NRPN_WICHITA,37.6872,-97.3301,town,WICHITA
ARS-NRPN_MOCCASIN,47.0590,-109.9500,exact,MOCCASIN
ARS-NRPN_HILDRETH,40.3039,-99.0890,town,HILDRETH
ARS-NRPN_MINOT,48.2325,-101.2963,town,MINOT
ARS-NRPN_SIDNEY_NE,41.1428,-102.9777,town,SIDNEY
ARS-NRPN_NORTH_PLATTE,41.0900,-100.7650,exact,NORTH_PLATTE
ARS-NRPN_WASECA_MN,44.0736,-93.5070,exact,WASECA
ARS-NRPN_ROSEMOUNT_MN,44.7390,-93.1250,exact,ROSEMOUNT
ARS-NRPN_LETHBRIDGE_CA,49.6935,-112.8418,exact,LETHBRIDGE
ARS-NRPN_MOCCASIN_MT,47.0590,-109.9500,exact,MOCCASIN
ARS-NRPN_DAKOTA_LAKES_SD,44.1480,-99.2600,exact,DAKOTA_LAKES
ARS-NRPN_BROOKINGS_SD,44.3100,-96.8000,exact,BROOKINGS
ARS-NRPN_WILLISTON_ND,48.1467,-103.6230,exact,WILLISTON
ARS-NRPN_WASECA_MN,44.0736,-93.5070,exact,WASECA
ARS-NRPN_SIDNEY_MT,47.7167,-104.1560,exact,SIDNEY
ARS-NRPN_ROSEMOUNT_MN,44.7390,-93.1250,exact,ROSEMOUNT
ARS-NRPN_NORTH_PLATTE_NE,41.0900,-100.7650,exact,NORTH_PLATTE
ARS-NRPN_MOCCASIN_MT,47.0590,-109.9500,exact,MOCCASIN
ARS-NRPN_MINOT_ND,48.2325,-101.2963,town,MINOT
ARS-NRPN_LETHBRIDGE_AB,49.6935,-112.8418,exact,LETHBRIDGE
ARS-NRPN_HETTINGER_ND,46.0017,-102.6360,town,HETTINGER
ARS-NRPN_GOODLAND_KS,39.3500,-101.7167,exact,GOODLAND
ARS-NRPN_FORT_COLLINS_CO,40.6550,-105.0000,exact,FORT_COLLINS
ARS-NRPN_CASSELTON_ND,46.9000,-97.2151,town,CASSELTON
ARS-NRPN_CARRINGTON_ND,47.4490,-99.1260,exact,CARRINGTON
ARS-NRPN_BROOKINGS_SD,44.3100,-96.8000,exact,BROOKINGS
ARS-NRPN_BOZEMAN_MT,45.6770,-111.0429,town,BOZEMAN
ARS-NRPN_ARCHER_WY,41.5750,-104.9390,town,ARCHER
ARS-NRPN_ALLIANCE_NE,42.1014,-102.8727,town,ALLIANCE
ARS-NRPN_AMES_IA,42.0347,-93.6199,town,AMES
ARS-NRPN_SALINA_KS,38.8403,-97.6114,town,SALINA
ARS-NRPN_PROSPER_ND,47.0017,-97.1009,town,PROSPER
ARS-NRPN_ARCHER_CO,41.5750,-104.9390,town,ARCHER
ARS-NRPN_BELLE_FOURCHE,44.6719,-103.8527,town,BELLE_FOURCHE
ARS-NRPN_BILLINGS,45.7833,-108.5007,town,BILLINGS
ARS-NRPN_BISMARCK,46.8083,-100.7837,town,BISMARCK
ARS-NRPN_BOWMAN,46.1833,-103.3946,town,BOWMAN
ARS-NRPN_BURLINGTON,39.3061,-102.2699,town,BURLINGTON
ARS-NRPN_CHEYENNE,41.1390,-104.8202,town,CHEYENNE
ARS-NRPN_COLBY,39.3958,-101.0524,town,COLBY
ARS-NRPN_CONRAD,48.1700,-111.9500,town,CONRAD
ARS-NRPN_DICKINSON,46.8792,-102.7896,town,DICKINSON
ARS-NRPN_FARGO,46.8772,-96.7898,town,FARGO
ARS-NRPN_GREAT_FALLS,47.5000,-111.3000,town,GREAT_FALLS
ARS-NRPN_HAVRE,48.5458,-109.6841,town,HAVRE
ARS-NRPN_HAYS,39.0217,-99.8833,town,HAYS
ARS-NRPN_HOLDREGE,40.4400,-99.3690,town,HOLDREGE
ARS-NRPN_JULESBURG,40.9889,-102.2649,town,JULESBURG
ARS-NRPN_KIMBALL,41.2350,-103.6630,town,KIMBALL
ARS-NRPN_LEWISTOWN,47.0625,-109.4280,town,LEWISTOWN
ARS-NRPN_MANDAN,46.8267,-100.8896,town,MANDAN
ARS-NRPN_MILES_CITY,46.4083,-105.8400,town,MILES_CITY
ARS-NRPN_PIERRE,44.3683,-100.3500,town,PIERRE
ARS-NRPN_SCOTTSBLUFF,41.8664,-103.6672,town,SCOTTSBLUFF
ARS-NRPN_SHELBY,48.5050,-111.8560,town,SHELBY
ARS-NRPN_STANLEY,48.3172,-102.3907,town,STANLEY
ARS-NRPN_TORRINGTON,42.0650,-104.1840,town,TORRINGTON
ARS-NRPN_WOLF_POINT,48.0900,-105.6400,town,WOLF_POINT
ARS-NRPN_ABERDEEN_SD,45.4622,-98.4865,town,ABERDEEN
ARS-NRPN_ALMENA_KS,39.8961,-99.7073,town,ALMENA
ARS-NRPN_BAKER_MT,46.3667,-104.2750,town,BAKER
ARS-NRPN_BOTTINEAU_ND,48.8272,-100.4454,town,BOTTINEAU
ARS-NRPN_BOWBELLS_ND,48.8014,-102.2460,town,BOWBELLS
ARS-NRPN_BURLEY_ID,42.5350,-113.7920,town,BURLEY
ARS-NRPN_CIRCLE_MT,47.4167,-105.6000,town,CIRCLE
ARS-NRPN_CUT_BANK_MT,48.6333,-112.3333,town,CUT_BANK
ARS-NRPN_DEADWOOD_SD,44.3769,-103.7290,town,DEADWOOD
ARS-NRPN_DENTON_MT,47.3216,-109.9491,town,DENTON
ARS-NRPN_DUNSEITH_ND,48.8133,-100.0604,town,DUNSEITH
ARS-NRPN_EUREKA_SD,45.7719,-99.6204,town,EUREKA
ARS-NRPN_FAITH_SD,45.0219,-102.0324,town,FAITH
ARS-NRPN_FESSENDEN_ND,47.6497,-99.6268,town,FESSENDEN
ARS-NRPN_GLASGOW_MT,48.1958,-106.6364,town,GLASGOW
ARS-NRPN_GLENDIVE_MT,47.1050,-104.7100,town,GLENDIVE
ARS-NRPN_GLENULLEN_ND,46.8000,-101.8333,town,GLENULLEN
ARS-NRPN_GRAFTON_ND,48.4172,-97.4101,town,GRAFTON
ARS-NRPN_GRAND_FORKS_ND,47.9253,-97.0329,town,GRAND_FORKS
ARS-NRPN_HARLOWTON_MT,46.4350,-109.8350,town,HARLOWTON
ARS-NRPN_HARVEY_ND,47.7692,-99.9310,town,HARVEY
ARS-NRPN_HAVRE_MT,48.5458,-109.6841,town,HAVRE
ARS-NRPN_HILLSBORO_ND,47.4030,-97.0620,town,HILLSBORO
ARS-NRPN_HINSDALE_MT,48.3900,-107.0833,town,HINSDALE
ARS-NRPN_HOT_SPRINGS_SD,43.4311,-103.4744,town,HOT_SPRINGS
ARS-NRPN_JORDAN_MT,47.3200,-106.9000,town,JORDAN
ARS-NRPN_KILLDEER_ND,47.3700,-102.7552,town,KILLDEER
ARS-NRPN_LAUREL_MT,45.6691,-108.7710,town,LAUREL
ARS-NRPN_LEMMON_SD,45.9347,-102.1599,town,LEMMON
ARS-NRPN_LINTON_ND,46.2667,-100.2333,town,LINTON
ARS-NRPN_MALTA_MT,48.3597,-107.8739,town,MALTA
ARS-NRPN_MARMARTH_ND,46.3000,-103.9227,town,MARMARTH
ARS-NRPN_MEDICINE_LAKE_MT,48.5000,-104.5000,town,MEDICINE_LAKE
ARS-NRPN_MILES_CITY_MT,46.4083,-105.8400,town,MILES_CITY
ARS-NRPN_MOBRIDGE_SD,45.5375,-100.4279,town,MOBRIDGE
ARS-NRPN_MONTANA_CITY_MT,46.4980,-111.9390,town,MONTANA_CITY
ARS-NRPN_MOORE_MT,46.9750,-109.6910,town,MOORE
ARS-NRPN_MOTT_ND,46.3722,-102.3263,town,MOTT
ARS-NRPN_MURDO_SD,43.8883,-100.7129,town,MURDO
ARS-NRPN_OPHEIM_MT,48.8572,-106.4083,town,OPHEIM
ARS-NRPN_PARK_RIVER_ND,48.3986,-97.7462,town,PARK_RIVER
ARS-NRPN_PLAZA_ND,47.9550,-101.9560,town,PLAZA
ARS-NRPN_POPLAR_MT,48.1133,-105.1960,town,POPLAR
ARS-NRPN_RAY_ND,48.3425,-103.1663,town,RAY
ARS-NRPN_REDFIELD_SD,44.8730,-98.5187,town,REDFIELD
ARS-NRPN_RICHEY_MT,47.6500,-105.0833,town,RICHEY
ARS-NRPN_RUGBY_ND,48.3681,-99.9960,town,RUGBY
ARS-NRPN_SACO_MT,48.4583,-107.3333,town,SACO
ARS-NRPN_SCOBEY_MT,48.7917,-105.4170,town,SCOBEY
ARS-NRPN_SHELDON_ND,46.5000,-97.4333,town,SHELDON
ARS-NRPN_SHEPHERD_MT,45.9391,-108.3450,town,SHEPHERD
ARS-NRPN_SHERIDAN_WY,44.7972,-106.9562,town,SHERIDAN
ARS-NRPN_STANLEY_ND,48.3172,-102.3907,town,STANLEY
ARS-NRPN_STERLING_CO,40.6255,-103.2077,town,STERLING
ARS-NRPN_TERRY_MT,46.7900,-105.3000,town,TERRY
ARS-NRPN_TIOGA_ND,48.3931,-102.9380,town,TIOGA
ARS-NRPN_TURNER_MT,48.8500,-108.4000,town,TURNER
ARS-NRPN_VIDA_MT,47.7000,-105.4333,town,VIDA
ARS-NRPN_WATFORD_CITY_ND,47.8022,-103.2830,town,WATFORD_CITY
ARS-NRPN_WOLF_POINT_MT,48.0900,-105.6400,town,WOLF_POINT
ARS-NRPN_ZAP_ND,47.2897,-101.9277,town,ZAP
ARS-SRPN_ABILENE,32.4487,-99.7331,town,ABILENE
ARS-SRPN_ALTUS,34.6381,-99.3340,town,ALTUS
ARS-SRPN_AMARILLO,35.2210,-101.8313,town,AMARILLO
ARS-SRPN_BUSHLAND,35.1667,-102.0833,exact,BUSHLAND
ARS-SRPN_CHILLICOTHE,34.1343,-99.5145,town,CHILLICOTHE
ARS-SRPN_CLAY_CENTER,39.3792,-97.1278,town,CLAY_CENTER
ARS-SRPN_COLLEGE_STATION,30.6279,-96.3344,town,COLLEGE_STATION
ARS-SRPN_DUMAS,35.8656,-101.9738,town,DUMAS
ARS-SRPN_EL_RENO,35.5323,-97.9550,town,EL_RENO
ARS-SRPN_GARDEN_CITY,37.9717,-100.8727,town,GARDEN_CITY
ARS-SRPN_GOODWELL,36.5950,-101.6360,town,GOODWELL
ARS-SRPN_HAYS,39.0217,-99.8833,town,HAYS
ARS-SRPN_LAWTON,34.6036,-98.3959,town,LAWTON
ARS-SRPN_LUBBOCK,33.5779,-101.8552,town,LUBBOCK
ARS-SRPN_MANHATTAN,39.1836,-96.5717,town,MANHATTAN
ARS-SRPN_MCPHERSON,38.3708,-97.6642,town,MCPHERSON
ARS-SRPN_MEADE,37.2850,-100.3404,town,MEADE
ARS-SRPN_MORROW,33.5860,-91.9900,town,MORROW
ARS-SRPN_PLAINVIEW,34.1848,-101.7068,town,PLAINVIEW
ARS-SRPN_QUANAH,34.2970,-99.7404,town,QUANAH
ARS-SRPN_ROSCOE,32.4465,-100.5393,town,ROSCOE
ARS-SRPN_SHATTUCK,36.2750,-99.8760,town,SHATTUCK
ARS-SRPN_STILLWATER,36.1156,-97.0584,town,STILLWATER
ARS-SRPN_TIPTON,34.5001,-99.1406,town,TIPTON
ARS-SRPN_TULETA,28.6589,-97.8133,town,TULETA
ARS-SRPN_WOODWARD,36.4334,-99.3904,town,WOODWARD
ARS-SRPN_ABERNATHY,33.8323,-101.8429,town,ABERNATHY
ARS-SRPN_ANSON,32.7551,-99.8968,town,ANSON
ARS-SRPN_ARCHER_CITY,33.5959,-98.6253,town,ARCHER_CITY
ARS-SRPN_BALKO,36.5681,-100.4768,town,BALKO
ARS-SRPN_BENJAMIN,33.5834,-99.7920,town,BENJAMIN
ARS-SRPN_BIG_SPRING,32.2504,-101.4787,town,BIG_SPRING
ARS-SRPN_BOWIE,33.5590,-97.8486,town,BOWIE
ARS-SRPN_BRIDGEPORT,33.2107,-97.7542,town,BRIDGEPORT
ARS-SRPN_BROWNFIELD,33.1812,-102.2744,town,BROWNFIELD
ARS-SRPN_CANADIAN,35.9120,-100.3821,town,CANADIAN
ARS-SRPN_CANYON,34.9803,-101.9188,town,CANYON
ARS-SRPN_CLAUDE,35.1112,-101.3638,town,CLAUDE
ARS-SRPN_CROWELL,33.9834,-99.7240,town,CROWELL
ARS-SRPN_DALHART,36.0595,-102.5138,town,DALHART
ARS-SRPN_DIMMITT,34.5501,-102.3110,town,DIMMITT
ARS-SRPN_DUMAS_TX,35.8656,-101.9738,town,DUMAS
ARS-SRPN_EARTH,34.2334,-102.4102,town,EARTH
ARS-SRPN_EDMOND,35.6528,-97.4781,town,EDMOND
ARS-SRPN_ELK_CITY,35.4112,-99.4045,town,ELK_CITY
ARS-SRPN_FLOYDADA,33.9840,-101.3379,town,FLOYDADA
ARS-SRPN_FREDERICK,34.3926,-99.0181,town,FREDERICK
ARS-SRPN_GRAHAM,33.1073,-98.5895,town,GRAHAM
ARS-SRPN_GRUVER,36.2667,-101.4054,town,GRUVER
ARS-SRPN_HAMLIN,32.8840,-100.1262,town,HAMLIN
ARS-SRPN_HASKELL,33.1573,-99.7331,town,HASKELL
ARS-SRPN_HEREFORD,34.8151,-102.3977,town,HEREFORD
ARS-SRPN_HOLLIS,34.6892,-99.9129,town,HOLLIS
ARS-SRPN_JAYTON,33.2490,-100.5737,town,JAYTON
ARS-SRPN_KNOX_CITY,33.4212,-99.8184,town,KNOX_CITY
ARS-SRPN_LAMESA,32.7376,-101.9504,town,LAMESA
ARS-SRPN_LEVELLAND,33.5873,-102.3777,town,LEVELLAND
ARS-SRPN_LITTLEFIELD,33.9173,-102.3244,town,LITTLEFIELD
ARS-SRPN_LOCKNEY,34.1240,-101.4410,town,LOCKNEY
ARS-SRPN_MATADOR,34.0123,-100.8221,town,MATADOR
ARS-SRPN_MERKEL,32.4701,-100.0129,town,MERKEL
ARS-SRPN_MORTON,33.7251,-102.7599,town,MORTON
ARS-SRPN_MULESHOE,34.2262,-102.7230,town,MULESHOE
ARS-SRPN_ODONNELL,32.9634,-101.8268,town,ODONNELL
ARS-SRPN_OLTON,34.1834,-102.1330,town,OLTON
ARS-SRPN_PADUCAH,34.0123,-100.3029,town,PADUCAH
ARS-SRPN_PAMPA,35.5362,-100.9599,town,PAMPA
ARS-SRPN_PERRYTON,36.4000,-100.8021,town,PERRYTON
ARS-SRPN_PLAINVIEW_TX,34.1848,-101.7068,town,PLAINVIEW
ARS-SRPN_POST,33.1901,-101.3787,town,POST
ARS-SRPN_QUITAQUE,34.3667,-101.0490,town,QUITAQUE
ARS-SRPN_RALLS,33.6751,-101.3854,town,RALLS
ARS-SRPN_RALLS_TX,33.6751,-101.3854,town,RALLS
ARS-SRPN_RALLS_2,33.6751,-101.3854,town,RALLS
ARS-SRPN_ROARING_SPRINGS,33.9073,-100.8504,town,ROARING_SPRINGS
ARS-SRPN_ROBERT_LEE,31.8929,-100.4843,town,ROBERT_LEE
ARS-SRPN_ROSCOE_TX,32.4465,-100.5393,town,ROSCOE
ARS-SRPN_SAMNORWOOD,34.9401,-100.8137,town,SAMNORWOOD
ARS-SRPN_SEMINOLE,32.7187,-102.6449,town,SEMINOLE
ARS-SRPN_SEYMOUR,33.5940,-99.2606,town,SEYMOUR
ARS-SRPN_SILVERTON,34.4723,-101.3043,town,SILVERTON
ARS-SRPN_SLAUGHTER,33.5834,-102.0833,town,SLAUGHTER
ARS-SRPN_SNYDER,32.7179,-100.9176,town,SNYDER
ARS-SRPN_SPEARMAN,36.1989,-101.1921,town,SPEARMAN
ARS-SRPN_SPUR,33.4762,-100.8579,town,SPUR
ARS-SRPN_STRATFORD,36.3334,-102.0724,town,STRATFORD
ARS-SRPN_SWEETWATER,32.4709,-100.4059,town,SWEETWATER
ARS-SRPN_TULIA,34.5351,-101.7588,town,TULIA
ARS-SRPN_TURKEY,34.3923,-100.8979,town,TURKEY
ARS-SRPN_VERNON,34.1540,-99.2654,town,VERNON
ARS-SRPN_WEATHERFORD,35.5262,-97.7431,town,WEATHERFORD
ARS-SRPN_WELLINGTON,34.8562,-100.2137,town,WELLINGTON
ARS-SRPN_WHEELER,35.4453,-100.2707,town,WHEELER
ARS-SRPN_WHITNEY,31.9510,-97.3214,town,WHITNEY
ARS-SRPN_WICHITA_FALLS,33.9137,-98.4934,town,WICHITA_FALLS
ARS-SRPN_WOLFFORTH,33.5068,-102.0096,town,WOLFFORTH
ARS-SRPN_YANTIS,32.9312,-95.5786,town,YANTIS
ARS-SRPN_YORKTOWN,28.9822,-97.5022,town,YORKTOWN
ARS-SRPN_ABERNATHY_TX,33.8323,-101.8429,town,ABERNATHY
ARS-SRPN_ACUFF,33.6001,-101.6504,town,ACUFF
ARS-SRPN_ALBANY_TX,32.7237,-99.2976,town,ALBANY
ARS-SRPN_ANTON,33.8112,-102.1630,town,ANTON
ARS-SRPN_BOVINA,34.5134,-102.8830,town,BOVINA
ARS-SRPN_BRONTE,31.8874,-100.2920,town,BRONTE
ARS-SRPN_CARLSBAD,32.4207,-104.2288,town,CARLSBAD
ARS-SRPN_CLAIREMONT,33.1551,-100.7504,town,CLAIREMONT
ARS-SRPN_CLARENDON,34.9373,-100.8921,town,CLARENDON
ARS-SRPN_CROSBYTON,33.6601,-101.2379,town,CROSBYTON
ARS-SRPN_DOOLITTLE,26.3167,-98.1333,town,DOOLITTLE
ARS-SRPN_ELECTRA,34.0298,-98.9181,town,ELECTRA
ARS-SRPN_FARWELL,34.3834,-103.0330,town,FARWELL
ARS-SRPN_FRIONA,34.6412,-102.7244,town,FRIONA
ARS-SRPN_GOLTRY,36.5295,-98.1131,town,GOLTRY
ARS-SRPN_GOREE,33.4673,-99.5256,town,GOREE
ARS-SRPN_HART,34.3851,-102.1141,town,HART
ARS-SRPN_HARTLEY,35.8967,-102.3877,town,HARTLEY
ARS-SRPN_HENRIETTA,33.8173,-98.1953,town,HENRIETTA
ARS-SRPN_IDALOU,33.6640,-101.6827,town,IDALOU
ARS-SRPN_JACKSBORO,33.2187,-98.1589,town,JACKSBORO
ARS-SRPN_JERMYN,33.3462,-98.8934,town,JERMYN
ARS-SRPN_KRESS,34.3701,-101.7488,town,KRESS
ARS-SRPN_LAZBUDDIE,34.3934,-102.8227,town,LAZBUDDIE
ARS-SRPN_LIPSCOMB,36.2320,-100.2707,town,LIPSCOMB
ARS-SRPN_MCLEAN,35.2320,-100.5982,town,MCLEAN
ARS-SRPN_MEMPHIS_TX,34.7242,-100.5340,town,MEMPHIS
ARS-SRPN_MORAN,32.5451,-99.1612,town,MORAN
ARS-SRPN_MUNDAY,33.4490,-99.6220,town,MUNDAY
ARS-SRPN_NEW_HOME,33.3312,-101.9127,town,NEW_HOME
ARS-SRPN_ODELL,34.2251,-99.8540,town,ODELL
ARS-SRPN_OGALLALA,41.1289,-101.7199,town,OGALLALA
ARS-SRPN_OLNEY,33.3701,-98.7523,town,OLNEY
ARS-SRPN_PETERSBURG,33.8690,-101.5982,town,PETERSBURG
ARS-SRPN_PLAINS,33.1884,-102.8277,town,PLAINS
ARS-SRPN_QUANAH_TX,34.2970,-99.7404,town,QUANAH
ARS-SRPN_RANKIN,31.2224,-101.9404,town,RANKIN
ARS-SRPN_RIO_HONDO,26.2359,-97.5819,town,RIO_HONDO
ARS-SRPN_RIVIERA,27.2989,-97.8028,town,RIVIERA
ARS-SRPN_ROBERTSON,33.6000,-101.3500,town,ROBERSON
ARS-SRPN_SAINT_JOHN,36.2339,-98.9004,town,SAINT_JOHN
ARS-SRPN_SAINT_LAWRENCE,31.6835,-101.4665,town,SAINT_LAWRENCE
ARS-SRPN_SAINT_PAUL_TX,33.0401,-96.5500,town,SAINT_PAUL
ARS-SRPN_SUDAN,34.0684,-102.5244,town,SUDAN
ARS-SRPN_TAFT,27.9789,-97.3989,town,TAFT
ARS-SRPN_TAHOKA,33.1662,-101.7932,town,TAHOKA
ARS-SRPN_TEXLINE,36.3770,-103.0299,town,TEXLINE
ARS-SRPN_TOLAR,32.3890,-97.9209,town,TOLAR
ARS-SRPN_TYRONZA,35.4904,-90.3573,town,TYRONZA
ARS-SRPN_VAN_HORN,31.0407,-104.8308,town,VAN_HORN
ARS-SRPN_VIGO_PARK,34.6501,-101.4332,town,VIGO_PARK
ARS-SRPN_WELLINGTON_TX,34.8562,-100.2137,town,WELLINGTON
ARS-SRPN_WINDTHORST,33.5737,-98.4453,town,WINDTHORST
ARS-SRPN_YALE,36.1148,-96.7020,town,YALE
ARS-SRPN_ABERNATHY_2,33.8323,-101.8429,town,ABERNATHY
ARS-SRPN_ALVIN,29.4238,-95.2441,town,ALVIN
ARS-SRPN_ARLINGTON_TX,32.7357,-97.1081,town,ARLINGTON
ARS-SRPN_ATLAS,34.0000,-101.0000,program,ATLAS
ARS-SRPN_BALLINGER,31.7382,-99.9479,town,BALLINGER
ARS-SRPN_BANGS,31.7160,-99.1323,town,BANGS
ARS-SRPN_BARTLETT,30.7949,-97.4278,town,BARTLETT
ARS-SRPN_BEEVILLE,28.4058,-97.7483,town,BEEVILLE
ARS-SRPN_BELLEVUE,33.6343,-98.0170,town,BELLEVUE
ARS-SRPN_BENBROOK,32.6732,-97.4606,town,BENBROOK
ARS-SRPN_BIG_LAKE,31.1910,-101.4604,town,BIG_LAKE
ARS-SRPN_BLOOMBURG,33.1407,-94.0599,town,BLOOMBURG
ARS-SRPN_BOWIE_TX,33.5590,-97.8486,town,BOWIE
ARS-SRPN_BRONTE_TX,31.8874,-100.2920,town,BRONTE
ARS-SRPN_BRUNI,27.4320,-98.8420,town,BRUNI
ARS-SRPN_BRYSON,33.1637,-98.3837,town,BRYSON
ARS-SRPN_BUDA,30.0840,-97.8403,town,BUDA
ARS-SRPN_CALDWELL,30.5310,-96.6930,town,CALDWELL
ARS-SRPN_CAMERON,30.8535,-96.9764,town,CAMERON
ARS-SRPN_CARRIZO_SPRINGS,28.5219,-99.8603,town,CARRIZO_SPRINGS
ARS-SRPN_CENTERVILLE,31.2577,-95.9783,town,CENTERVILLE
ARS-SRPN_CHINA_SPRING,31.6463,-97.3278,town,CHINA_SPRING
ARS-SRPN_CLIFTON,31.7821,-97.5761,town,CLIFTON
ARS-SRPN_COLEMAN,31.8271,-99.4262,town,COLEMAN
ARS-SRPN_COLLEGE_STATION_TX,30.6279,-96.3344,town,COLLEGE_STATION
ARS-SRPN_COMANCHE,31.8971,-98.6037,town,COMANCHE
ARS-SRPN_CONROE,30.3119,-95.4561,town,CONROE
ARS-SRPN_CORSICANA,32.0954,-96.4689,town,CORSICANA
ARS-SRPN_COTULLA,28.4369,-99.2353,town,COTULLA
ARS-SRPN_CROCKETT,31.3180,-95.4561,town,CROCKETT
ARS-SRPN_CUERO,29.0939,-97.2897,town,CUERO
ARS-SRPN_DALHART_TX,36.0595,-102.5138,town,DALHART
ARS-SRPN_DECATUR,33.2343,-97.5861,town,DECATUR
ARS-SRPN_DEL_RIO,29.3709,-100.8959,town,DEL_RIO
ARS-SRPN_DENISON,33.7557,-96.5367,town,DENISON
ARS-SRPN_DENTON,33.2148,-97.1331,town,DENTON
ARS-SRPN_DIMMITT_TX,34.5501,-102.3110,town,DIMMITT
ARS-SRPN_DUBLIN,32.0851,-98.3414,town,DUBLIN
ARS-SRPN_EASTLAND,32.4015,-98.8170,town,EASTLAND
ARS-SRPN_EDNA,28.9786,-96.6464,town,EDNA
ARS-SRPN_ELGIN,30.3494,-97.3703,town,ELGIN
ARS-SRPN_ENNIS,32.3293,-96.6253,town,ENNIS
ARS-SRPN_EUSTACE,32.3076,-96.0094,town,EUSTACE
ARS-SRPN_FALFURRIAS,27.2264,-98.1447,town,FALFURRIAS
ARS-SRPN_FARMERSVILLE,33.1637,-96.3597,town,FARMERSVILLE
ARS-SRPN_FERRIS,32.5335,-96.6653,town,FERRIS
ARS-SRPN_FLATONIA,29.6877,-97.1080,town,FLATONIA
ARS-SRPN_FORT_STOCKTON,30.8940,-102.8790,town,FORT_STOCKTON
ARS-SRPN_FREDERICKSBURG,30.2752,-98.8719,town,FREDERICKSBURG
ARS-SRPN_FREER,27.8820,-98.6170,town,FREER
ARS-SRPN_GATESVILLE,31.4352,-97.7439,town,GATESVILLE
ARS-SRPN_GEORGETOWN,30.6333,-97.6770,town,GEORGETOWN
ARS-SRPN_GIDDINGS,30.1827,-96.9364,town,GIDDINGS
ARS-SRPN_GOLIAD,28.6683,-97.3883,town,GOLIAD
ARS-SRPN_GONZALES,29.5016,-97.4528,town,GONZALES
ARS-SRPN_GRAHAM_TX,33.1073,-98.5895,town,GRAHAM
ARS-SRPN_GRANBURY,32.4421,-97.7944,town,GRANBURY
ARS-SRPN_GREENVILLE,33.1384,-96.1108,town,GREENVILLE
ARS-SRPN_HALLETTSVILLE,29.4430,-96.9414,town,HALLETTSVILLE
ARS-SRPN_HAMILTON,31.7035,-98.1239,town,HAMILTON
ARS-SRPN_HARLINGEN,26.1906,-97.6961,town,HARLINGEN
ARS-SRPN_HEARNE,30.8785,-96.5930,town,HEARNE
ARS-SRPN_HEMPSTEAD,30.0974,-96.0786,town,HEMPSTEAD
ARS-SRPN_HENDERSON,32.1532,-94.7994,town,HENDERSON
ARS-SRPN_HILLSBORO,32.0104,-97.1300,town,HILLSBORO
ARS-SRPN_HONEY_GROVE,33.5834,-95.9086,town,HONEY_GROVE
ARS-SRPN_HUNTSVILLE,30.7235,-95.5508,town,HUNTSVILLE
ARS-SRPN_JACKSONVILLE,31.9635,-95.2705,town,JACKSONVILLE
ARS-SRPN_JASPER,30.9202,-93.9960,town,JASPER
ARS-SRPN_JOURDANTON,28.9180,-98.5467,town,JOURDANTON
ARS-SRPN_KARNES_CITY,28.8853,-97.8922,town,KARNES_CITY
ARS-SRPN_KERRVILLE,30.0474,-99.1403,town,KERRVILLE
ARS-SRPN_KINGSVILLE,27.5159,-97.8561,town,KINGSVILLE
ARS-SRPN_KYLE,29.9891,-97.8772,town,KYLE
ARS-SRPN_LA_GRANGE,29.9058,-96.8761,town,LA_GRANGE
ARS-SRPN_LAMPASAS,31.0638,-98.1817,town,LAMPASAS
ARS-SRPN_LEAKEY,29.7269,-99.7612,town,LEAKEY
ARS-SRPN_LEONARD,33.3790,-96.2475,town,LEONARD
ARS-SRPN_LIBERTY,30.0574,-94.7952,town,LIBERTY
ARS-SRPN_LIVINGSTON,30.7110,-94.9322,town,LIVINGSTON
ARS-SRPN_LLANO,30.7599,-98.6756,town,LLANO
ARS-SRPN_LONE_OAK,32.9898,-95.9400,town,LONE_OAK
ARS-SRPN_LONGVIEW,32.5007,-94.7405,town,LONGVIEW
ARS-SRPN_LORENA,31.3874,-97.2153,town,LORENA
ARS-SRPN_LOTT,31.2077,-97.0328,town,LOTT
ARS-SRPN_LOVELADY,31.1288,-95.4452,town,LOVELADY
ARS-SRPN_LULING,29.6802,-97.6478,town,LULING
ARS-SRPN_MADISONVILLE,30.9494,-95.9119,town,MADISONVILLE
ARS-SRPN_MALAKOFF,32.1699,-96.0127,town,MALAKOFF
ARS-SRPN_MARBLE_FALLS,30.5788,-98.2767,town,MARBLE_FALLS
ARS-SRPN_MARFA,30.3090,-104.0206,town,MARFA
ARS-SRPN_MARLIN,31.3063,-96.8980,town,MARLIN
ARS-SRPN_MART,31.5441,-96.8297,town,MART
ARS-SRPN_MASON,30.7480,-99.2309,town,MASON
ARS-SRPN_MATHIS,28.0945,-97.8283,town,MATHIS
ARS-SRPN_MAYPEARL,32.3151,-97.0069,town,MAYPEARL
ARS-SRPN_MCALLEN,26.2034,-98.2300,town,MCALLEN
ARS-SRPN_MENARD,30.9171,-99.7867,town,MENARD
ARS-SRPN_MEXIA,31.6791,-96.4828,town,MEXIA
ARS-SRPN_MIDLAND,31.9973,-102.0779,town,MIDLAND
ARS-SRPN_MILANO,30.7080,-96.8628,town,MILANO
ARS-SRPN_MILFORD,32.1276,-96.9453,town,MILFORD
ARS-SRPN_MINEOLA,32.6635,-95.4888,town,MINEOLA
ARS-SRPN_MONAHANS,31.5940,-102.8927,town,MONAHANS
ARS-SRPN_MONTAGUE,33.6648,-97.7203,town,MONTAGUE
ARS-SRPN_MOUNT_PLEASANT,33.1568,-94.9683,town,MOUNT_PLEASANT
ARS-SRPN_MOUNT_VERNON,33.1887,-95.2213,town,MOUNT_VERNON
ARS-SRPN_MULESHOE_TX,34.2262,-102.7230,town,MULESHOE
ARS-SRPN_NACOGDOCHES,31.6035,-94.6555,town,NACOGDOCHES
ARS-SRPN_NAVASOTA,30.3877,-96.0877,town,NAVASOTA
ARS-SRPN_NEW_BRAUNFELS,29.7030,-98.1245,town,NEW_BRAUNFELS
ARS-SRPN_NEW_WAVERLY,30.5377,-95.4838,town,NEW_WAVERLY
ARS-SRPN_NIXON,29.2672,-97.7667,town,NIXON
ARS-SRPN_ODESSA,31.8457,-102.3676,town,ODESSA
ARS-SRPN_ORANGE,30.0929,-93.7366,town,ORANGE
ARS-SRPN_PALESTINE,31.7621,-95.6308,town,PALESTINE
ARS-SRPN_PALMER_TX,32.4315,-96.6692,town,PALMER
ARS-SRPN_PARIS,33.6609,-95.5555,town,PARIS
ARS-SRPN_PEARLAND,29.5636,-95.2860,town,PEARLAND
ARS-SRPN_PECOS,31.4229,-103.4932,town,PECOS
ARS-SRPN_PFLUGERVILLE,30.4394,-97.6200,town,PFLUGERVILLE
ARS-SRPN_PORT_LAVACA,28.6150,-96.6261,town,PORT_LAVACA
ARS-SRPN_PORTLAND_TX,27.8778,-97.3239,town,PORTLAND
ARS-SRPN_QUINLAN,32.9126,-96.1353,town,QUINLAN
ARS-SRPN_RAYMONDVILLE,26.4817,-97.7839,town,RAYMONDVILLE
ARS-SRPN_RED_OAK,32.5185,-96.8044,town,RED_OAK
ARS-SRPN_REFUGIO,28.3050,-97.2753,town,REFUGIO
ARS-SRPN_RICHMOND,29.5822,-95.7608,town,RICHMOND
ARS-SRPN_RIO_GRANDE_CITY,26.3798,-98.8203,town,RIO_GRANDE_CITY
ARS-SRPN_RISING_STAR,32.0957,-98.9648,town,RISING_STAR
ARS-SRPN_ROBSTOWN,27.7900,-97.6689,town,ROBSTOWN
ARS-SRPN_ROCKDALE,30.6552,-97.0097,town,ROCKDALE
ARS-SRPN_ROCKPORT,28.0206,-97.0544,town,ROCKPORT
ARS-SRPN_ROGERS,30.9338,-97.2269,town,ROGERS
ARS-SRPN_ROSENBERG,29.5440,-95.8086,town,ROSENBERG
ARS-SRPN_ROTAN,32.8529,-100.4654,town,ROTAN
ARS-SRPN_RULE,33.1884,-99.8937,town,RULE
ARS-SRPN_SABINAL,29.3172,-99.4667,town,SABINAL
ARS-SRPN_SALTILLO,33.1651,-95.2927,town,SALTILLO
ARS-SRPN_SAN_ANGELO,31.4638,-100.4370,town,SAN_ANGELO
ARS-SRPN_SAN_AUGUSTINE,31.5291,-94.1060,town,SAN_AUGUSTINE
ARS-SRPN_SAN_BENITO,26.1320,-97.6311,town,SAN_BENITO
ARS-SRPN_SAN_DIEGO_TX,27.7639,-98.2389,town,SAN_DIEGO
ARS-SRPN_SAN_MARCO,29.8833,-97.9414,town,SAN_MARCO
ARS-SRPN_SAN_SABA,31.1957,-98.7184,town,SAN_SABA
ARS-SRPN_SANGER,33.3632,-97.1739,town,SANGER
ARS-SRPN_SARATOGA,30.2710,-94.5302,town,SARATOGA
ARS-SRPN_SCHULENBURG,29.6819,-96.9030,town,SCHULENBURG
ARS-SRPN_SEALY,29.7802,-96.1577,town,SEALY
ARS-SRPN_SEGUIN,29.5688,-97.9647,town,SEGUIN
ARS-SRPN_SHEPHERD_TX,30.4977,-94.9963,town,SHEPHERD
ARS-SRPN_SINTON,28.0367,-97.5097,town,SINTON
ARS-SRPN_SMITHVILLE,30.0086,-97.1597,town,SMITHVILLE
ARS-SRPN_SNYDER_TX,32.7179,-100.9176,town,SNYDER
ARS-SRPN_SOMERSET,29.2269,-98.6572,town,SOMERSET
ARS-SRPN_SONORA,30.5660,-100.6434,town,SONORA
ARS-SRPN_STAMFORD,32.9451,-99.8020,town,STAMFORD
ARS-SRPN_STEPHENVILLE,32.2207,-98.2023,town,STEPHENVILLE
ARS-SRPN_STRATFORD_TX,36.3334,-102.0724,town,STRATFORD
ARS-SRPN_SULPHUR_SPRINGS,33.1384,-95.6011,town,SULPHUR_SPRINGS
ARS-SRPN_TAHOKA_TX,33.1662,-101.7932,town,TAHOKA
ARS-SRPN_TAYLOR,30.5708,-97.4094,town,TAYLOR
ARS-SRPN_TEMPLE,31.0982,-97.3428,town,TEMPLE
ARS-SRPN_TERRELL,32.7354,-96.2753,town,TERRELL
ARS-SRPN_TEXARKANA,33.4418,-94.0377,town,TEXARKANA
ARS-SRPN_THORNDALE,30.6133,-97.2053,town,THORNDALE
ARS-SRPN_TILDEN,28.4619,-98.5489,town,TILDEN
ARS-SRPN_TOMBALL,30.0972,-95.6161,town,TOMBALL
ARS-SRPN_TROUP,32.1449,-95.1202,town,TROUP
ARS-SRPN_TYLER,32.3513,-95.3011,town,TYLER
ARS-SRPN_UVALDE,29.2097,-99.7862,town,UVALDE
ARS-SRPN_VAN,32.5249,-95.6372,town,VAN
ARS-SRPN_VAN_ALSTYNE,33.4212,-96.5753,town,VAN_ALSTYNE
ARS-SRPN_VICTORIA,28.8053,-97.0036,town,VICTORIA
ARS-SRPN_WACO,31.5493,-97.1467,town,WACO
ARS-SRPN_WALLER,30.0566,-95.9261,town,WALLER
ARS-SRPN_WEATHERFORD_TX,32.7593,-97.7973,town,WEATHERFORD
ARS-SRPN_WEIMAR,29.7030,-96.7828,town,WEIMAR
ARS-SRPN_WEST,31.8021,-97.0928,town,WEST
ARS-SRPN_WHARTON,29.3119,-96.1027,town,WHARTON
ARS-SRPN_WHITESBORO,33.6565,-96.9061,town,WHITESBORO
ARS-SRPN_WHITEWRIGHT,33.5123,-96.3925,town,WHITEWRIGHT
ARS-SRPN_WILLS_POINT,32.7096,-96.0083,town,WILLS_POINT
ARS-SRPN_WINNSBORO,32.9573,-95.2902,town,WINNSBORO
ARS-SRPN_WOODVILLE,30.7752,-94.4152,town,WOODVILLE
ARS-SRPN_YOAKUM,29.2875,-97.1503,town,YOAKUM
ARS-SRPN_ZAVALLA,31.1591,-94.4252,town,ZAVALLA
SDK-WHEAT_ABERDEEN,45.4622,-98.4865,town,ABERDEEN
SDK-WHEAT_BELLE_FOURCHE,44.6719,-103.8527,town,BELLE_FOURCHE
SDK-WHEAT_BERESFORD,43.0803,-96.7731,town,BERESFORD
SDK-WHEAT_BROOKINGS,44.3100,-96.8000,exact,BROOKINGS
SDK-WHEAT_COTTONWOOD,43.9333,-101.2500,town,COTTONWOOD
SDK-WHEAT_FREDERICK,45.8250,-98.5062,town,FREDERICK
SDK-WHEAT_GETTYSBURG,45.0130,-99.9554,town,GETTYSBURG
SDK-WHEAT_HIGHMORE,44.5219,-99.4412,town,HIGHMORE
SDK-WHEAT_HOVEN,45.2450,-99.7804,town,HOVEN
SDK-WHEAT_HOWARD,44.0111,-97.5267,town,HOWARD
SDK-WHEAT_HURON,44.3633,-98.2147,town,HURON
SDK-WHEAT_IPSWICH,45.4455,-99.0290,town,IPSWICH
SDK-WHEAT_MILLER,44.5180,-98.9887,town,MILLER
SDK-WHEAT_MISSION,43.3064,-100.6587,town,MISSION
SDK-WHEAT_PARKSTON,43.3978,-97.9851,town,PARKSTON
SDK-WHEAT_PIERRE,44.3683,-100.3500,town,PIERRE
SDK-WHEAT_REDFIELD,44.8730,-98.5187,town,REDFIELD
SDK-WHEAT_SISSETON,45.6641,-97.0501,town,SISSETON
SDK-WHEAT_VOLGA,44.3275,-96.9253,town,VOLGA
SDK-WHEAT_WATERTOWN,44.8994,-97.1151,town,WATERTOWN
SDK-WHEAT_WINNER,43.3761,-99.8593,town,WINNER
SDK-WHEAT_WOONSOCKET,44.0547,-98.2740,town,WOONSOCKET
SDK-WHEAT_ALEXANDRIA,45.6469,-95.3760,town,ALEXANDRIA
SDK-WHEAT_ARTESIAN,44.0280,-98.0837,town,ARTESIAN
SDK-WHEAT_ASTORIA,44.5569,-96.5500,town,ASTORIA
SDK-WHEAT_BALTIC,43.7630,-96.7320,town,BALTIC
SDK-WHEAT_BATH,45.4830,-98.3504,town,BATH
SDK-WHEAT_BRITTON,45.7919,-97.7501,town,BRITTON
SDK-WHEAT_CARTHAGE,44.1630,-97.7220,town,CARTHAGE
SDK-WHEAT_CASTLEWOOD,44.7236,-97.0262,town,CASTLEWOOD
SDK-WHEAT_CAVOUR,44.3630,-98.0403,town,CAVOUR
SDK-WHEAT_CENTERVILLE,43.1133,-96.9617,town,CENTERVILLE
SDK-WHEAT_CHESTER,43.8797,-96.9248,town,CHESTER
SDK-WHEAT_CLARK,44.8775,-97.7334,town,CLARK
SDK-WHEAT_COLMAN,43.9830,-96.8114,town,COLMAN
SDK-WHEAT_COLTON,43.7844,-96.9300,town,COLTON
SDK-WHEAT_CRESBARD,45.1580,-98.9520,town,CRESBARD
SDK-WHEAT_DE_SMET,44.3875,-97.5509,town,DE_SMET
SDK-WHEAT_DELL_RAPIDS,43.8269,-96.7064,town,DELL_RAPIDS
SDK-WHEAT_DELPHOS,39.2731,-97.7650,town,DELPHOS
SDK-WHEAT_DEUEL,44.7000,-96.7000,program,DEUEL
SDK-WHEAT_DOLAND,44.8891,-98.0970,town,DOLAND
SDK-WHEAT_DORSEY,43.9500,-97.2000,program,DORSEY
SDK-WHEAT_DUMONT,45.2830,-96.0000,town,DUMONT
SDK-WHEAT_ELK_POINT,42.6833,-96.6834,town,ELK_POINT
SDK-WHEAT_ELKTON,44.2375,-96.4831,town,ELKTON
SDK-WHEAT_EMERY,43.5047,-97.6190,town,EMERY
SDK-WHEAT_ESTELLINE,44.5786,-96.9020,town,ESTELLINE
SDK-WHEAT_FAULKTON,45.0347,-99.1254,town,FAULKTON
SDK-WHEAT_FLORENCE,45.0611,-97.3201,town,FLORENCE
SDK-WHEAT_FRANKFORT,44.8733,-98.3004,town,FRANKFORT
SDK-WHEAT_GARRETSON,43.7169,-96.5020,town,GARRETSON
SDK-WHEAT_GAYVILLE,42.9000,-97.1800,town,GAYVILLE
SDK-WHEAT_GLENHAM,45.5330,-100.2830,town,GLENHAM
SDK-WHEAT_GROTON,45.4472,-98.0987,town,GROTON
SDK-WHEAT_HARROLD,44.5208,-99.7323,town,HARROLD
SDK-WHEAT_HARTFORD,43.6230,-96.9448,town,HARTFORD
SDK-WHEAT_HAYTI,44.6594,-97.2151,town,HAYTI
SDK-WHEAT_HAZEL,44.7794,-97.4540,town,HAZEL
SDK-WHEAT_HENRY,44.8733,-97.4662,town,HENRY
SDK-WHEAT_HITCHCOCK,44.6058,-98.4134,town,HITCHCOCK
SDK-WHEAT_HOWES,44.5833,-101.8667,town,HOWES
SDK-WHEAT_HUMBOLDT,43.6130,-97.0770,town,HUMBOLDT
SDK-WHEAT_HURLEY,43.2833,-97.0834,town,HURLEY
SDK-WHEAT_JEFFERSON,42.6833,-96.5500,town,JEFFERSON
SDK-WHEAT_KADOKA,43.8333,-101.5087,town,KADOKA
SDK-WHEAT_KENNEBEC,43.9000,-99.8667,town,KENNEBEC
SDK-WHEAT_KIMBALL_SD,43.7461,-98.9490,town,KIMBALL
SDK-WHEAT_KINGSBURY,44.3667,-97.4833,program,KINGSBURY
SDK-WHEAT_KRAMER,45.9000,-98.0000,program,KRAMER
SDK-WHEAT_LAKE_NORDEN,44.5925,-97.2020,town,LAKE_NORDEN
SDK-WHEAT_LANE,44.0400,-98.4300,town,LANE
SDK-WHEAT_LEOLA,45.7225,-98.9404,town,LEOLA
SDK-WHEAT_LESTERVILLE,43.0833,-97.5834,town,LESTERVILLE
SDK-WHEAT_MADISON,44.0069,-97.1134,town,MADISON
SDK-WHEAT_MARION,43.4250,-97.2603,town,MARION
SDK-WHEAT_MELLETTE,45.1575,-98.5004,town,MELLETTE
SDK-WHEAT_MENNO,43.2286,-97.5981,town,MENNO
SDK-WHEAT_MILBANK,45.2197,-96.6351,town,MILBANK
SDK-WHEAT_MILLTOWN,43.2386,-97.5981,town,MILLTOWN
SDK-WHEAT_MITCHELL,43.7094,-98.0298,town,MITCHELL
SDK-WHEAT_MONTROSE,43.7083,-97.1970,town,MONTROSE
SDK-WHEAT_MORRISTOWN,45.9583,-101.7167,town,MORRISTOWN
SDK-WHEAT_NEMO,44.2000,-103.4833,town,NEMO
SDK-WHEAT_NEWELL,44.7167,-103.4167,town,NEWELL
SDK-WHEAT_NISLAND,44.7167,-103.5500,town,NISLAND
SDK-WHEAT_OACOMA,43.8000,-99.3833,town,OACOMA
SDK-WHEAT_OLIVET,43.2833,-97.6834,town,OLIVET
SDK-WHEAT_ONIDA,44.7061,-100.0668,town,ONIDA
SDK-WHEAT_ORDWAY,44.0000,-97.0000,program,ORDWAY
SDK-WHEAT_PARKER,43.4000,-97.1500,town,PARKER
SDK-WHEAT_PARMELY,45.0000,-99.0000,program,PARMELY
SDK-WHEAT_PENNINGTON,44.0000,-103.0000,program,PENNINGTON
SDK-WHEAT_PLANKINTON,43.7150,-98.4851,town,PLANKINTON
SDK-WHEAT_PLATTE,43.3864,-98.8437,town,PLATTE
SDK-WHEAT_RAMONA,44.0667,-97.2167,town,RAMONA
SDK-WHEAT_RELIANCE,43.8817,-99.6054,town,RELIANCE
SDK-WHEAT_REVILLO,45.0130,-96.5500,town,REVILLO
SDK-WHEAT_REDFIELD_SD,44.8730,-98.5187,town,REDFIELD
SDK-WHEAT_REDFIELD_2,44.8730,-98.5187,town,REDFIELD
SDK-WHEAT_REDFIELD_3,44.8730,-98.5187,town,REDFIELD
SDK-WHEAT_REDFIELD_4,44.8730,-98.5187,town,REDFIELD
SDK-WHEAT_REDFIELD_5,44.8730,-98.5187,town,REDFIELD
SDK-WHEAT_RELIANCE_SD,43.8817,-99.6054,town,RELIANCE
SDK-WHEAT_RELIANCE_2,43.8817,-99.6054,town,RELIANCE
SDK-WHEAT_RELIANCE_3,43.8817,-99.6054,town,RELIANCE
SDK-WHEAT_REVILLO_SD,45.0130,-96.5500,town,REVILLO
SDK-WHEAT_REVILLO_2,45.0130,-96.5500,town,REVILLO
SDK-WHEAT_REVILLO_3,45.0130,-96.5500,town,REVILLO
SDK-WHEAT_REVILLO_4,45.0130,-96.5500,town,REVILLO
SDK-WHEAT_REVILLO_5,45.0130,-96.5500,town,REVILLO
SDK-WHEAT_ROCKHAM,44.8833,-98.8667,town,ROCKHAM
SDK-WHEAT_ROSHOLT,45.8667,-96.7333,town,ROSHOLT
SDK-WHEAT_SAINT_LAWRENCE,44.5208,-98.9412,town,SAINT_LAWRENCE
SDK-WHEAT_SALEM,43.7230,-97.3881,town,SALEM
SDK-WHEAT_SAND_LAKE,45.7167,-98.3167,town,SAND_LAKE
SDK-WHEAT_SAVOY,44.3500,-103.7833,town,SAVOY
SDK-WHEAT_SCOTLAND,43.1500,-97.7167,town,SCOTLAND
SDK-WHEAT_SENECA,44.7167,-100.0833,town,SENECA
SDK-WHEAT_SIOUX_FALLS,43.5499,-96.7003,town,SIOUX_FALLS
SDK-WHEAT_SISSETON_SD,45.6641,-97.0501,town,SISSETON
SDK-WHEAT_SPEARFISH,44.4908,-103.8594,town,SPEARFISH
SDK-WHEAT_STICKNEY,43.5850,-98.4901,town,STICKNEY
SDK-WHEAT_STURGIS,44.4097,-103.5091,town,STURGIS
SDK-WHEAT_SUNSET,44.0000,-97.0000,program,SUNSET
SDK-WHEAT_TORONTO,44.5794,-96.6314,town,TORONTO
SDK-WHEAT_TULARE,44.7667,-98.5004,town,TULARE
SDK-WHEAT_TURTON,45.1333,-98.3167,town,TURTON
SDK-WHEAT_TWIN_BROOKS,45.2333,-96.8833,town,TWIN_BROOKS
SDK-WHEAT_VEBLEN,45.8583,-97.3001,town,VEBLEN
SDK-WHEAT_VERMILLION,42.7794,-96.9297,town,VERMILLION
SDK-WHEAT_VIBORG,43.1750,-97.0784,town,VIBORG
SDK-WHEAT_VIENNA,44.5667,-97.5167,town,VIENNA
SDK-WHEAT_VILAS,43.9000,-98.0000,program,VILAS
SDK-WHEAT_VIRGIL,44.2833,-98.3834,town,VIRGIL
SDK-WHEAT_VOLGA_SD,44.3275,-96.9253,town,VOLGA
SDK-WHEAT_WAGNER,43.0814,-98.2937,town,WAGNER
SDK-WHEAT_WALL,43.9925,-102.2410,town,WALL
SDK-WHEAT_WARD,44.5000,-96.5500,town,WARD
SDK-WHEAT_WATERTOWN_SD,44.8994,-97.1151,town,WATERTOWN
SDK-WHEAT_WAVERLY,44.9833,-97.0333,town,WAVERLY
SDK-WHEAT_WEBSTER,45.3325,-97.5201,town,WEBSTER
SDK-WHEAT_WESSINGTON,44.4500,-98.7004,town,WESSINGTON
SDK-WHEAT_WESSINGTON_SPRINGS,44.0780,-98.5667,town,WESSINGTON_SPRINGS
SDK-WHEAT_WHITE_LAKE,43.7267,-98.7090,town,WHITE_LAKE
SDK-WHEAT_WHITE_RIVER,43.5681,-100.7454,town,WHITE_RIVER
SDK-WHEAT_WILLOW_LAKE,44.6244,-97.6412,town,WILLOW_LAKE
SDK-WHEAT_WILMOT,45.4100,-96.8540,town,WILMOT
SDK-WHEAT_WINFRED,44.0000,-97.0000,program,WINFRED
SDK-WHEAT_WOONSOCKET_SD,44.0547,-98.2740,town,WOONSOCKET
SDK-WHEAT_WORTHING,43.2833,-96.7667,town,WORTHING
SDK-WHEAT_YALE_SD,44.4667,-97.9834,town,YALE
SDK-WHEAT_YANKTON,42.8711,-97.3978,town,YANKTON
NDK-WHEAT_WOLFORD,48.3167,-99.9500,town,WOLFORD
NDK-WHEAT_WOODWORTH,47.1167,-99.2833,town,WOODWORTH
NDK-WHEAT_YORK,47.9000,-98.0333,town,YORK
NDK-WHEAT_ZAP_ND,47.2897,-101.9277,town,ZAP
NDK-WHEAT_ADAMS,48.4667,-97.7167,town,ADAMS
NDK-WHEAT_ALAMO,48.5667,-103.4667,town,ALAMO
NDK-WHEAT_ALMONT,46.7267,-101.5060,town,ALMONT
NDK-WHEAT_ANTLER,48.8833,-101.2833,town,ANTLER
NDK-WHEAT_ARDOCH,48.1333,-97.3333,town,ARDOCH
NDK-WHEAT_BALFOUR,47.9500,-100.5333,town,BALFOUR
NDK-WHEAT_BANTRY,48.4833,-100.6167,town,BANTRY
NDK-WHEAT_BERTHOLD,48.3167,-101.7354,town,BERTHOLD
NDK-WHEAT_BERWICK,47.7667,-100.2833,town,BERWICK
NDK-WHEAT_BUTTE,48.8333,-100.7667,town,BUTTE
NDK-WHEAT_CANDO,48.4861,-99.2096,town,CANDO
NDK-WHEAT_CARPIO,48.4500,-101.7167,town,CARPIO
NDK-WHEAT_CARTWRIGHT,47.8500,-103.9333,town,CARTWRIGHT
NDK-WHEAT_CHRISTINE,46.6500,-96.8000,town,CHRISTINE
NDK-WHEAT_COLEHARBOR,47.5333,-101.2167,town,COLEHARBOR
NDK-WHEAT_COOPERSTOWN,47.4444,-98.1234,town,COOPERSTOWN
NDK-WHEAT_CRARY,48.0667,-98.6167,town,CRARY
NDK-WHEAT_DAWSON,46.8667,-99.7500,town,DAWSON
NDK-WHEAT_DAZEY,47.2333,-98.2000,town,DAZEY
NDK-WHEAT_DONNYBROOK,48.5167,-101.6167,town,DONNYBROOK
NDK-WHEAT_DUNSEITH,48.8133,-100.0604,town,DUNSEITH
NDK-WHEAT_EDINBURG,48.4667,-97.8667,town,EDINBURG
NDK-WHEAT_Egeland,48.7000,-99.1000,town,EGELAND
NDK-WHEAT_ELLENDALE,46.0022,-98.5270,town,ELLENDALE
NDK-WHEAT_ENGLEVALE,46.2667,-97.9000,town,ENGLEVALE
NDK-WHEAT_ESMOND,47.9500,-99.7500,town,ESMOND
NDK-WHEAT_FAIRMOUNT,46.0500,-96.6000,town,FAIRMOUNT
NDK-WHEAT_FESSENDEN,47.6497,-99.6268,town,FESSENDEN
NDK-WHEAT_FLAxton_ND,48.9100,-102.5833,town,FLAXTON
NDK-WHEAT_FORMAN,46.1333,-97.6333,town,FORMAN
NDK-WHEAT_FORT_TOTTEN,47.9833,-98.9833,town,FORT_TOTTEN
NDK-WHEAT_GARDENA,48.7333,-100.2667,town,GARDENA
NDK-WHEAT_GLENFIELD,47.4500,-98.5667,town,GLENFIELD
NDK-WHEAT_GOLVA,46.6667,-103.8333,town,GOLVA
NDK-WHEAT_GRAFTON_ND,48.4172,-97.4101,town,GRAFTON
NDK-WHEAT_GRANO,48.7000,-101.8333,town,GRANO
NDK-WHEAT_GRENORA,48.6167,-103.9333,town,GRENORA
NDK-WHEAT_GWINNER,46.2333,-97.6667,town,GWINNER
NDK-WHEAT_HAMAR,47.7667,-98.3500,town,HAMAR
NDK-WHEAT_HAMPDEN,48.6000,-98.4667,town,HAMPDEN
NDK-WHEAT_HANNOVER,47.1333,-101.2833,town,HANNOVER
NDK-WHEAT_HARWOOD,46.9800,-96.8500,town,HARWOOD
NDK-WHEAT_HATTON,47.6333,-97.4667,town,HATTON
NDK-WHEAT_HEBRON,46.9000,-102.0500,town,HEBRON
NDK-WHEAT_HOPE,47.3333,-97.7167,town,HOPE
NDK-WHEAT_HORACE,46.7583,-96.9000,town,HORACE
NDK-WHEAT_HUNTER,47.2167,-97.2333,town,HUNTER
NDK-WHEAT_JAMESTOWN,46.9105,-98.7084,town,JAMESTOWN
NDK-WHEAT_JESSIE,47.5333,-98.3333,town,JESSIE
NDK-WHEAT_KARLSRUHE,48.1167,-100.6167,town,KARLSRUHE
NDK-WHEAT_KATHRYN,46.6667,-97.9167,town,KATHRYN
NDK-WHEAT_KRAMER_ND,48.6000,-100.8833,town,KRAMER
NDK-WHEAT_KULM,46.3000,-98.9500,town,KULM
NDK-WHEAT_LAKOTA_ND,48.0414,-98.3362,town,LAKOTA
NDK-WHEAT_LANDA,48.9000,-100.6167,town,LANDA
NDK-WHEAT_LARSON,48.8833,-103.9833,town,LARSON
NDK-WHEAT_LIDGERWOOD,46.0667,-97.1500,town,LIDGERWOOD
NDK-WHEAT_LINTON_ND,46.2667,-100.2333,town,LINTON
NDK-WHEAT_LISBON,46.4416,-97.6812,town,LISBON
NDK-WHEAT_MAKOTI,47.9500,-101.8000,town,MAKOTI
NDK-WHEAT_MANDAREE,47.7167,-102.7500,town,MANDAREE
NDK-WHEAT_MARTIN,47.9167,-99.8333,town,MARTIN
NDK-WHEAT_MAX,47.8167,-101.2833,town,MAX
NDK-WHEAT_MAXBASS,48.7000,-100.8833,town,MAXBASS
NDK-WHEAT_MAYVILLE,47.5000,-97.3167,town,MAYVILLE
NDK-WHEAT_McCanna,47.9333,-97.4833,town,MCCANNA
NDK-WHEAT_McClusky_ND,47.4850,-100.4360,town,MCCLUSKY
NDK-WHEAT_McHenry_ND,47.7667,-98.6000,town,MCHENRY
NDK-WHEAT_McVille_ND,47.7700,-98.1834,town,MCVILLE
NDK-WHEAT_Medora,46.9133,-103.5249,town,MEDORA
NDK-WHEAT_Milnor,46.2667,-97.4500,town,MILNOR
NDK-WHEAT_Moffit,46.7000,-100.2833,town,MOFFIT
NDK-WHEAT_Montpelier,46.7167,-98.6000,town,MONTPELIER
NDK-WHEAT_Mountain,48.8667,-97.7167,town,MOUNTAIN
NDK-WHEAT_Napoleon,46.5000,-99.7667,town,NAPOLEON
NDK-WHEAT_Neche,48.9833,-97.5500,town,NECHE
NDK-WHEAT_Nekoma,48.7167,-98.3667,town,NEKOMA
NDK-WHEAT_Niagara,47.9833,-97.9833,town,NIAGARA
NDK-WHEAT_Noonan,48.9000,-103.0000,town,NOONAN
NDK-WHEAT_Northwood,47.7333,-97.5667,town,NORTHWOOD
NDK-WHEAT_Oberon,47.8833,-99.2500,town,OBERON
NDK-WHEAT_Oriska,46.9333,-97.7833,town,ORISKA
NDK-WHEAT_Pekin,47.8000,-98.3500,town,PEKIN
NDK-WHEAT_Petersburg,48.0167,-98.0167,town,PETERSBURG
NDK-WHEAT_Pickert,47.3833,-97.9000,town,PICKERT
NDK-WHEAT_Pingree_ND,47.1667,-99.0833,town,PINGREE
NDK-WHEAT_Portland,47.5000,-97.3833,town,PORTLAND
NDK-WHEAT_Ray_ND,48.3425,-103.1663,town,RAY
NDK-WHEAT_Reeder_ND,46.1000,-102.9500,town,REEDER
NDK-WHEAT_Reynolds,47.6670,-97.1000,town,REYNOLDS
NDK-WHEAT_Richardton_ND,46.8783,-102.3149,town,RICHARDTON
NDK-WHEAT_Rocklake,48.8500,-99.2500,town,ROCKLAKE
NDK-WHEAT_Rolla,48.8667,-99.6167,town,ROLLA
NDK-WHEAT_Rugby_ND,48.3681,-99.9960,town,RUGBY
NDK-WHEAT_Rutland,46.0500,-97.5167,town,RUTLAND
NDK-WHEAT_Selfridge,46.0500,-100.9167,town,SELFRIDGE
NDK-WHEAT_Sentinel_Butte,46.9167,-103.8500,town,SENTINEL_BUTTE
NDK-WHEAT_Sharon,47.6000,-97.8833,town,SHARON
NDK-WHEAT_Sheldon,46.5000,-97.4333,town,SHELDON
NDK-WHEAT_Sherwood_ND,48.9600,-101.6279,town,SHERWOOD
NDK-WHEAT_Solen,46.3833,-100.8167,town,SOLEN
NDK-WHEAT_Souris,48.8833,-100.8833,town,SOURIS
NDK-WHEAT_St_John,48.9500,-99.7167,town,ST_JOHN
NDK-WHEAT_St_Thomas,48.5667,-97.4500,town,ST_THOMAS
NDK-WHEAT_Stanley_ND,48.3172,-102.3907,town,STANLEY
NDK-WHEAT_Steele_ND,46.8667,-99.9167,town,STEELE
NDK-WHEAT_Surrey,48.2333,-101.1333,town,SURREY
NDK-WHEAT_Tappen,46.8667,-99.6000,town,TAPPEN
NDK-WHEAT_Thompson,47.7667,-97.1000,town,THOMPSON
NDK-WHEAT_Tioga_ND,48.3931,-102.9380,town,TIOGA
NDK-WHEAT_Tolley,48.7167,-101.8167,town,TOLLEY
NDK-WHEAT_Towner,48.3500,-100.4000,town,TOWNER
NDK-WHEAT_Turtle_Lake_ND,47.5167,-100.8833,town,TURTLE_LAKE
NDK-WHEAT_Upham_ND,48.6000,-100.8833,town,UPHAM
NDK-WHEAT_Valley_City,46.9233,-98.0031,town,VALLEY_CITY
NDK-WHEAT_Velva_ND,48.0564,-100.9299,town,VELVA
NDK-WHEAT_Vernon,46.2667,-97.7000,town,VERNON
NDK-WHEAT_Wahpeton,46.2650,-96.6053,town,WAHPETON
NDK-WHEAT_Walcott,46.5833,-96.9333,town,WALCOTT
NDK-WHEAT_Warwick,47.8667,-98.7167,town,WARWICK
NDK-WHEAT_Washburn_ND,47.2900,-101.0299,town,WASHBURN
NDK-WHEAT_Watford_City_ND,47.8022,-103.2830,town,WATFORD_CITY
NDK-WHEAT_White_Earth,48.2833,-102.7667,town,WHITE_EARTH
NDK-WHEAT_Williston_ND,48.1467,-103.6230,exact,WILLISTON
NDK-WHEAT_Wilton_ND,47.1472,-100.7832,town,WILTON
NDK-WHEAT_Wimbledon,47.1667,-98.4667,town,WIMBLEDON
NDK-WHEAT_Wing_ND,47.1500,-100.2833,town,WING
NDK-WHEAT_Wishek_ND,46.2575,-99.5579,town,WISHEK
NDK-WHEAT_Wolford_ND,48.3167,-99.9500,town,WOLFORD
NDK-WHEAT_Woodworth_ND,47.1167,-99.2833,town,WOODWORTH
NDK-WHEAT_York_ND,47.9000,-98.0333,town,YORK
MTK-WHEAT_ANTHONY,48.6000,-111.8000,town,ANTHONY
MTK-WHEAT_AUGUSTA,47.4927,-112.3931,town,AUGUSTA
MTK-WHEAT_BAINVILLE,48.1333,-104.2167,town,BAINVILLE
MTK-WHEAT_BAKER,46.3667,-104.2750,town,BAKER
MTK-WHEAT_BALFOUR,48.0000,-109.0000,program,BALFOUR
MTK-WHEAT_BELGRADE,45.7760,-111.1769,town,BELGRADE
MTK-WHEAT_BIG_SANDY,48.1761,-110.1107,town,BIG_SANDY
MTK-WHEAT_BILLINGS,45.7833,-108.5007,town,BILLINGS
MTK-WHEAT_BIRNEY,45.3500,-106.5000,town,BIRNEY
MTK-WHEAT_BROADUS,45.4430,-105.4067,town,BROADUS
MTK-WHEAT_BROADVIEW,46.0977,-108.8732,town,BROADVIEW
MTK-WHEAT_BROCKTON,48.1500,-104.9167,town,BROCKTON
MTK-WHEAT_BROCKWAY,47.2833,-105.8333,town,BROCKWAY
MTK-WHEAT_BUFFALO,46.8833,-109.9500,town,BUFFALO
MTK-WHEAT_CAMBRIDGE,47.0000,-109.0000,program,CAMBRIDGE
MTK-WHEAT_CIRCLE,47.4167,-105.6000,town,CIRCLE
MTK-WHEAT_CLEV,47.0000,-110.0000,program,CLEV
MTK-WHEAT_COLSTRIP,45.8841,-106.6239,town,COLSTRIP
MTK-WHEAT_COLLINS,47.7000,-112.0000,town,COLLINS
MTK-WHEAT_COLSTRIP_2,45.8841,-106.6239,town,COLSTRIP
MTK-WHEAT_COLSTRIP_3,45.8841,-106.6239,town,COLSTRIP
MTK-WHEAT_COLSTRIP_4,45.8841,-106.6239,town,COLSTRIP
MTK-WHEAT_COLSTRIP_5,45.8841,-106.6239,town,COLSTRIP
MTK-WHEAT_COLSTRIP_6,45.8841,-106.6239,town,COLSTRIP
MTK-WHEAT_COLSTRIP_7,45.8841,-106.6239,town,COLSTRIP
MTK-WHEAT_COLSTRIP_8,45.8841,-106.6239,town,COLSTRIP
MTK-WHEAT_COLSTRIP_9,45.8841,-106.6239,town,COLSTRIP
MTK-WHEAT_COLSTRIP_10,45.8841,-106.6239,town,COLSTRIP
MTK-WHEAT_COLSTRIP_11,45.8841,-106.6239,town,COLSTRIP
MTK-WHEAT_COLSTRIP_12,45.8841,-106.6239,town,COLSTRIP
MTK-WHEAT_COLSTRIP_13,45.8841,-106.6239,town,COLSTRIP
MTK-WHEAT_COLSTRIP_14,45.8841,-106.6239,town,COLSTRIP
MTK-WHEAT_COLSTRIP_15,45.8841,-106.6239,town,COLSTRIP
MTK-WHEAT_COLSTRIP_16,45.8841,-106.6239,town,COLSTRIP
MTK-WHEAT_COLSTRIP_17,45.8841,-106.6239,town,COLSTRIP
MTK-WHEAT_COLSTRIP_18,45.8841,-106.6239,town,COLSTRIP
MTK-WHEAT_COLSTRIP_19,45.8841,-106.6239,town,COLSTRIP
MTK-WHEAT_COLSTRIP_20,45.8841,-106.6239,town,COLSTRIP
MTK-WHEAT_COLSTRIP_21,45.8841,-106.6239,town,COLSTRIP
MTK-WHEAT_COLSTRIP_22,45.8841,-106.6239,town,COLSTRIP
MTK-WHEAT_COLSTRIP_23,45.8841,-106.6239,town,COLSTRIP
MTK-WHEAT_COLSTRIP_24,45.8841,-106.6239,town,COLSTRIP
MTK-WHEAT_COLSTRIP_25,45.8841,-106.6239,town,COLSTRIP
MTK-WHEAT_COLSTRIP_26,45.8841,-106.6239,town,COLSTRIP
MTK-WHEAT_COLSTRIP_27,45.8841,-106.6239,town,COLSTRIP
MTK-WHEAT_COLSTRIP_28,45.8841,-106.6239,town,COLSTRIP
MTK-WHEAT_COLSTRIP_29,45.8841,-106.6239,town,COLSTRIP
MTK-WHEAT_COLSTRIP_30,45.8841,-106.6239,town,COLSTRIP
MTW-WHEAT_ALBION,48.8833,-115.0000,town,ALBION
MTW-WHEAT_ARLEE,47.1666,-114.0876,town,ARLEE
MTW-WHEAT_BAINVILLE_W,48.1333,-104.2167,town,BAINVILLE
MTW-WHEAT_BALLANTINE_W,45.9400,-108.1500,town,BALLANTINE
MTW-WHEAT_BELFRY,45.1400,-109.0000,town,BELFRY
MTW-WHEAT_BIGFORK,48.0630,-114.0726,town,BIGFORK
MTW-WHEAT_BIG_TIMBER,45.8349,-109.9552,town,BIG_TIMBER
MTW-WHEAT_BOZEMAN,45.6770,-111.0429,town,BOZEMAN
MTW-WHEAT_BRIDGER,45.2966,-108.9121,town,BRIDGER
MTW-WHEAT_BROADVIEW_W,46.0977,-108.8732,town,BROADVIEW
MTW-WHEAT_COLUMBIA_FALLS,48.3722,-114.1811,town,COLUMBIA_FALLS
MTW-WHEAT_COLUMBUS,45.6366,-109.2518,town,COLUMBUS
MTW-WHEAT_CONRAD_W,48.1700,-111.9500,town,CONRAD
MTW-WHEAT_CUT_BANK_W,48.6333,-112.3333,town,CUT_BANK
MTW-WHEAT_DILLON,45.2169,-112.6370,town,DILLON
MTW-WHEAT_DRUMMOND,46.6666,-113.1462,town,DRUMMOND
MTW-WHEAT_EAST_HELENA,46.5891,-111.9153,town,EAST_HELENA
MTW-WHEAT_EUREKA,48.8791,-115.0530,town,EUREKA
MTW-WHEAT_FLORENCE,46.6321,-114.0807,town,FLORENCE
MTW-WHEAT_FORT_BENTON,47.8180,-110.6694,town,FORT_BENTON
MTW-WHEAT_GERALDINE,47.6000,-110.2667,town,GERALDINE
MTW-WHEAT_GREAT_FALLS_W,47.5000,-111.3000,town,GREAT_FALLS
MTW-WHEAT_HAMILTON,46.2466,-114.1600,town,HAMILTON
MTW-WHEAT_HARLEM,48.5333,-108.7833,town,HARLEM
MTW-WHEAT_HAVRE_W,48.5458,-109.6841,town,HAVRE
MTW-WHEAT_HEART_BUTTE,47.8667,-112.6167,town,HEART_BUTTE
MTW-WHEAT_HELMVILLE,46.8666,-113.0333,town,HELMVILLE
MTW-WHEAT_HOT_SPRINGS_MT,47.6091,-114.6690,town,HOT_SPRINGS
MTW-WHEAT_JOLIET,45.4858,-108.9710,town,JOLIET
MTW-WHEAT_KALISPELL,48.1958,-114.3129,town,KALISPELL
MTW-WHEAT_LAKEVIEW,44.6000,-111.8000,town,LAKEVIEW
MTW-WHEAT_LAVINA,46.5166,-108.9032,town,LAVINA
MTW-WHEAT_LEWISTOWN_W,47.0625,-109.4280,town,LEWISTOWN
MTW-WHEAT_LIBBY,48.3885,-115.5560,town,LIBBY
MTW-WHEAT_LOMA,47.9333,-110.4833,town,LOMA
MTW-WHEAT_MALTA_W,48.3597,-107.8739,town,MALTA
MTW-WHEAT_MANHATTAN,45.8560,-111.3300,town,MANHATTAN
MTW-WHEAT_MEDICINE_LAKE_W,48.5000,-104.5000,town,MEDICINE_LAKE
MTW-WHEAT_MILES_CITY_W,46.4083,-105.8400,town,MILES_CITY
MTW-WHEAT_MISSOULA,46.8721,-113.9940,town,MISSOULA
MTW-WHEAT_OPHEIM_W,48.8572,-106.4083,town,OPHEIM
MTW-WHEAT_PHILIPSBURG,46.3327,-113.2945,town,PHILIPSBURG
MTW-WHEAT_POLSON,47.6930,-114.1630,town,POLSON
MTW-WHEAT_POPLAR_W,48.1133,-105.1960,town,POPLAR
MTW-WHEAT_RONAN,47.5285,-114.1018,town,RONAN
MTW-WHEAT_ROSEBUD,46.2833,-106.4500,town,ROSEBUD
MTW-WHEAT_SAINT_IGNATIUS,47.3216,-114.0976,town,SAINT_IGNATIUS
MTW-WHEAT_SAINT_REGIS,47.3000,-115.1000,town,SAINT_REGIS
MTW-WHEAT_SHELBY_W,48.5050,-111.8560,town,SHELBY
MTW-WHEAT_STEVENSVILLE,46.5091,-114.0940,town,STEVENSVILLE
MTW-WHEAT_SUNBURST,48.8833,-111.9167,town,SUNBURST
MTW-WHEAT_SUPERIOR,47.2000,-114.8900,town,SUPERIOR
MTW-WHEAT_THOMPSON_FALLS,47.5960,-115.3380,town,THOMPSON_FALLS
MTW-WHEAT_TROY,48.4666,-115.8833,town,TROY
MTW-WHEAT_TURNER_W,48.8500,-108.4000,town,TURNER
MTW-WHEAT_VIDA_W,47.7000,-105.4333,town,VIDA
MTW-WHEAT_WHITEFISH,48.4111,-114.3370,town,WHITEFISH
MTW-WHEAT_WOLF_POINT_W,48.0900,-105.6400,town,WOLF_POINT
MTW-WHEAT_WESTBY,48.8833,-104.0500,town,WESTBY
MTW-WHEAT_WHITETAIL,48.9000,-105.0500,town,WHITETAIL
MTW-WHEAT_WIBAUX,46.9850,-104.1880,town,WIBAUX
MTW-WHEAT_WILSALL,46.0166,-110.6730,town,WILSALL
MTW-WHEAT_WINIFRED,47.5166,-109.3770,town,WINIFRED
MTW-WHEAT_WOLF_CREEK,47.0166,-112.0833,town,WOLF_CREEK
MTW-WHEAT_WORDEN,45.9927,-108.1632,town,WORDEN
MTW-WHEAT_YAAK,48.8666,-115.7667,town,YAAK
MTW-WHEAT_ZORTMAN,47.9000,-108.5167,town,ZORTMAN
MTW-WHEAT_ZURICH,48.6000,-109.0833,town,ZURICH
MNK-WHEAT_ALVARADO,48.1969,-96.6081,town,ALVARADO
MNK-WHEAT_ARGYLE,48.3391,-96.8220,town,ARGYLE
MNK-WHEAT_BARNESVILLE,46.6536,-96.4248,town,BARNESVILLE
MNK-WHEAT_BELTRAMI,47.7441,-96.5309,town,BELTRAMI
MNK-WHEAT_BRECKENRIDGE,46.2636,-96.5881,town,BRECKENRIDGE
MNK-WHEAT_CAMPBELL,46.0877,-96.4053,town,CAMPBELL
MNK-WHEAT_CROOKSTON,47.7742,-96.6081,town,CROOKSTON
MNK-WHEAT_DILWORTH,46.8761,-96.7031,town,DILWORTH
MNK-WHEAT_DONALDSON,48.5580,-96.8203,town,DONALDSON
MNK-WHEAT_EAST_GRAND_FORKS,47.9294,-97.0240,town,EAST_GRAND_FORKS
MNK-WHEAT_ELDRED,47.8000,-96.6000,town,ELDRED
MNK-WHEAT_ERKSINE,47.6769,-96.0167,town,ERKSINE
MNK-WHEAT_FERTILE,47.5330,-96.2831,town,FERTILE
MNK-WHEAT_FISHER,47.8041,-96.8003,town,FISHER
MNK-WHEAT_GARY_MN,47.3333,-96.2667,town,GARY
MNK-WHEAT_GLYNDON,46.8750,-96.5667,town,GLYNDON
MNK-WHEAT_GONVICK,47.7380,-95.5100,town,GONVICK
MNK-WHEAT_GREENBUSH,48.7011,-96.1814,town,GREENBUSH
MNK-WHEAT_HALLOCK,48.7741,-96.9462,town,HALLOCK
MNK-WHEAT_HAWLEY,46.8800,-96.3167,town,HAWLEY
MNK-WHEAT_HENDRUM,47.2666,-96.8003,town,HENDRUM
MNK-WHEAT_HOLT,48.4172,-96.1831,town,HOLT
MNK-WHEAT_KARLSTAD,48.5772,-96.5203,town,KARLSTAD
MNK-WHEAT_LAKE_BRONSON,48.7222,-96.6664,town,LAKE_BRONSON
MNK-WHEAT_MENTOR,47.6952,-96.1381,town,MENTOR
MNK-WHEAT_MIDDLE_RIVER,48.4411,-96.1631,town,MIDDLE_RIVER
MNK-WHEAT_NIELSVILLE,47.4500,-96.5167,town,NIELSVILLE
MNK-WHEAT_OKLEE,47.8330,-95.8500,town,OKLEE
MNK-WHEAT_PLUMMER,47.9230,-96.0500,town,PLUMMER
MNK-WHEAT_RED_LAKE_FALLS,47.8830,-96.2831,town,RED_LAKE_FALLS
MNK-WHEAT_ROSEAU,48.8469,-95.7620,town,ROSEAU
MNK-WHEAT_SAINT_HILAIRE,47.9250,-96.2167,town,SAINT_HILAIRE
MNK-WHEAT_SAINT_VINCENT,48.9666,-97.0503,town,SAINT_VINCENT
MNK-WHEAT_SALOL,48.8500,-95.6333,town,SALOL
MNK-WHEAT_SHELLEY,47.2833,-96.8003,town,SHELLEY
MNK-WHEAT_STEPHEN,48.4530,-96.8703,town,STEPHEN
MNK-WHEAT_STRANDQUIST,48.5300,-96.1831,town,STRANDQUIST
MNK-WHEAT_THIEF_RIVER_FALLS,48.1191,-96.1814,town,THIEF_RIVER_FALLS
MNK-WHEAT_TWIN_VALLEY,47.2666,-96.2667,town,TWIN_VALLEY
MNK-WHEAT_ULEN,47.0833,-96.2667,town,ULEN
MNK-WHEAT_WARREN,48.1969,-96.7714,town,WARREN
MNK-WHEAT_WARROAD,48.9050,-95.3147,town,WARROAD
MNK-WHEAT_WINGER,47.5330,-96.0000,town,WINGER
MNK-WHEAT_WOLVERTON,46.5500,-96.7333,town,WOLVERTON
MNK-WHEAT_ADA,47.2991,-96.5153,town,ADA
MNK-WHEAT_ALBERT_LEA,43.6480,-93.3683,town,ALBERT_LEA
MNK-WHEAT_ALDEN,43.6666,-93.5667,town,ALDEN
MNK-WHEAT_AUDUBON,46.8630,-95.9781,town,AUDUBON
MNK-WHEAT_BAGLEY,47.5269,-95.3981,town,BAGLEY
MNK-WHEAT_BARNUM,46.5027,-92.6902,town,BARNUM
MNK-WHEAT_BEMIDJI,47.4736,-94.8803,town,BEMIDJI
MNK-WHEAT_BENSON,45.3141,-95.6003,town,BENSON
MNK-WHEAT_BIG_LAKE,45.3325,-93.7469,town,BIG_LAKE
MNK-WHEAT_BIRD_ISLAND,44.7641,-94.8942,town,BIRD_ISLAND
MNK-WHEAT_BREWSTER,43.7080,-95.4453,town,BREWSTER
MNK-WHEAT_BROOTEN,45.5000,-95.1167,town,BROOTEN
MNK-WHEAT_BROWNS_VALLEY,45.5952,-96.8331,town,BROWNS_VALLEY
MNK-WHEAT_BUFFALO,45.1719,-93.8741,town,BUFFALO
MNK-WHEAT_CANBY,44.7086,-96.2764,town,CANBY
MNK-WHEAT_CANNON_FALLS,44.5077,-92.9052,town,CANNON_FALLS
MNK-WHEAT_CARLOS,45.9666,-95.2920,town,CARLOS
MNK-WHEAT_CARVER,44.7666,-93.6252,town,CARVER
MNK-WHEAT_CLARA_CITY,44.9541,-95.3667,town,CLARA_CITY
MNK-WHEAT_CLIMAX,47.6100,-96.8167,town,CLIMAX
MNK-WHEAT_CLEARBROOK,47.6930,-95.4300,town,CLEARBROOK
MNK-WHEAT_COKATO,45.0786,-94.1897,town,COKATO
MNK-WHEAT_COLD_SPRING,45.4552,-94.4275,town,COLD_SPRING
MNK-WHEAT_COTTONWOOD,44.6086,-95.6739,town,COTTONWOOD
MNK-WHEAT_CROSBY,46.4827,-93.9575,town,CROSBY
MNK-WHEAT_DASSEL,45.0819,-94.3064,town,DASSEL
MNK-WHEAT_DETROIT_LAKES,46.8171,-95.8453,town,DETROIT_LAKES
MNK-WHEAT_DUNDEE,43.8833,-95.5167,town,DUNDEE
MNK-WHEAT_ECHO,44.6080,-95.4203,town,ECHO
MNK-WHEAT_ELBOW_LAKE,45.9927,-95.9767,town,ELBOW_LAKE
MNK-WHEAT_ELLSWORTH,43.5166,-96.0167,town,ELLSWORTH
MNK-WHEAT_ELMORE,43.5000,-94.0833,town,ELMORE
MNK-WHEAT_FARIBAULT,44.2950,-93.2688,town,FARIBAULT
MNK-WHEAT_FERGUS_FALLS,46.2830,-96.0770,town,FERGUS_FALLS
MNK-WHEAT_FOLEY,45.6641,-93.9091,town,FOLEY
MNK-WHEAT_FOSSTON,47.5769,-95.7520,town,FOSSTON
MNK-WHEAT_FRAZEE,46.7280,-95.7003,town,FRAZEE
MNK-WHEAT_FREEPORT,45.6719,-94.6842,town,FREEPORT
MNK-WHEAT_GLENWOOD,45.6500,-95.3892,town,GLENWOOD
MNK-WHEAT_GONVICK_MN,47.7380,-95.5100,town,GONVICK
MNK-WHEAT_GRANITE_FALLS,44.8097,-95.5453,town,GRANITE_FALLS
MNK-WHEAT_GREEN_ISLE,44.6780,-94.0042,town,GREEN_ISLE
MNK-WHEAT_HANCOCK,45.5000,-95.8003,town,HANCOCK
MNK-WHEAT_HAWLEY_MN,46.8800,-96.3167,town,HAWLEY
MNK-WHEAT_HERMANTOWN,46.8066,-92.2380,town,HERMANTOWN
MNK-WHEAT_HILLS,43.6166,-96.3503,town,HILLS
MNK-WHEAT_HUTCHINSON,44.8877,-94.3697,town,HUTCHINSON
MNK-WHEAT_JACKSON,43.6200,-94.9886,town,JACKSON
MNK-WHEAT_JASPER,43.8500,-96.4003,town,JASPER
MNK-WHEAT_JORDAN,44.6666,-93.6269,town,JORDAN
MNK-WHEAT_KASSON,44.0291,-92.7502,town,KASSON
MNK-WHEAT_LAKEFIELD,43.6777,-95.1714,town,LAKEFIELD
MNK-WHEAT_LAKE_PARK,46.8860,-96.0931,town,LAKE_PARK
MNK-WHEAT_LAKE_WILSON,44.0166,-95.9503,town,LAKE_WILSON
MNK-WHEAT_LE_CENTER,44.3891,-93.7319,town,LE_CENTER
MNK-WHEAT_LE_SUEUR,44.4619,-93.9152,town,LE_SUEUR
MNK-WHEAT_LITCHFIELD,45.1277,-94.5286,town,LITCHFIELD
MNK-WHEAT_LITTLE_FALLS,45.9769,-94.3625,town,LITTLE_FALLS
MNK-WHEAT_LUVERNE,43.6541,-96.2120,town,LUVERNE
MNK-WHEAT_MADISON,45.0091,-96.1903,town,MADISON
MNK-WHEAT_MAHNOMEN,47.3152,-95.9667,town,MAHNOMEN
MNK-WHEAT_MARSHALL,44.4469,-95.7886,town,MARSHALL
MNK-WHEAT_MAYNARD,44.9000,-95.4667,town,MAYNARD
MNK-WHEAT_MELROSE,45.6741,-94.8072,town,MELROSE
MNK-WHEAT_MILAN,45.1166,-95.9131,town,MILAN
MNK-WHEAT_MILROY,44.4166,-95.5503,town,MILROY
MNK-WHEAT_MONTEVIDEO,44.9480,-95.7170,town,MONTEVIDEO
MNK-WHEAT_MORRIS,45.5852,-95.9131,town,MORRIS
MNK-WHEAT_MOUNTAIN_LAKE,43.9380,-94.9297,town,MOUNTAIN_LAKE
MNK-WHEAT_NEWFOLDEN,48.3580,-96.3331,town,NEWFOLDEN
MNK-WHEAT_NEW_LONDON,45.3019,-94.9447,town,NEW_LONDON
MNK-WHEAT_NEW_ULM,44.3127,-94.4605,town,NEW_ULM
MNK-WHEAT_NORMAN,47.3333,-96.5000,program,NORMAN
MNK-WHEAT_OLIVIA,44.7769,-94.9897,town,OLIVIA
MNK-WHEAT_ORR,48.0400,-92.8667,town,ORR
MNK-WHEAT_ORWELL,46.2000,-96.0000,program,ORWELL
MNK-WHEAT_OSLO,48.1980,-97.1220,town,OSLO
MNK-WHEAT_OTTERTAIL,46.4319,-95.5570,town,OTTERTAIL
MNK-WHEAT_PARKERS_PRAIRIE,46.1519,-95.3231,town,PARKERS_PRAIRIE
MNK-WHEAT_PAYNESVILLE,45.3800,-94.7131,town,PAYNESVILLE
MNK-WHEAT_PERHAM,46.5941,-95.5720,town,PERHAM
MNK-WHEAT_PINE_RIVER,46.7180,-94.4047,town,PINE_RIVER
MNK-WHEAT_PIPER,47.0000,-96.0000,program,PIPER
MNK-WHEAT_PLAINVIEW,44.1666,-92.1667,town,PLAINVIEW
MNK-WHEAT_PRINSBURG,44.9333,-95.1833,town,PRINSBURG
MNK-WHEAT_REDWOOD_FALLS,44.5391,-95.1167,town,REDWOOD_FALLS
MNK-WHEAT_RENVILLE,44.7919,-95.2120,town,RENVILLE
MNK-WHEAT_ROTHSAY,46.4777,-96.2831,town,ROTHSAY
MNK-WHEAT_ROY_LAKE,45.7000,-95.0000,program,ROY_LAKE
MNK-WHEAT_RUSHMORE,43.6166,-95.8333,town,RUSHMORE
MNK-WHEAT_SAUK_CENTER,45.7377,-94.9520,town,SAUK_CENTER
MNK-WHEAT_SAUK_RAPIDS,45.5919,-94.1667,town,SAUK_RAPIDS
MNK-WHEAT_SAVAGE,44.7791,-93.3369,town,SAVAGE
MNK-WHEAT_SCRIBNER,47.0000,-96.0000,program,SCRIBNER
MNK-WHEAT_SHERBURN,43.6519,-94.7286,town,SHERBURN
MNK-WHEAT_SLAYTON,43.9877,-95.7553,town,SLAYTON
MNK-WHEAT_SPRINGFIELD,44.2380,-94.9753,town,SPRINGFIELD
MNK-WHEAT_STAPLES,46.3552,-94.7920,town,STAPLES
MNK-WHEAT_STARBUCK,45.6166,-95.5320,town,STARBUCK
MNK-WHEAT_STEWART,44.7269,-94.4897,town,STEWART
MNK-WHEAT_ST_JAMES,43.9800,-94.6275,town,ST_JAMES
MNK-WHEAT_ST_PETER,44.3230,-93.9580,town,ST_PETER
MNK-WHEAT_SWANVILLE,45.8680,-94.6331,town,SWANVILLE
MNK-WHEAT_TRACY,44.2330,-95.6197,town,TRACY
MNK-WHEAT_TWIN_LAKES,43.5833,-93.3500,town,TWIN_LAKES
MNK-WHEAT_VERGAS,46.6569,-95.8081,town,VERGAS
MNK-WHEAT_WABASSO,44.4030,-95.2533,town,WABASSO
MNK-WHEAT_WADENA,46.4427,-95.1364,town,WADENA
MNK-WHEAT_WARBA,47.0000,-93.2667,town,WARBA
MNK-WHEAT_WATKINS,45.3180,-94.4131,town,WATKINS
MNK-WHEAT_WATSON,45.0000,-95.7833,town,WATSON
MNK-WHEAT_WELLS,43.7452,-93.7280,town,WELLS
MNK-WHEAT_WESTBROOK,44.0400,-95.4403,town,WESTBROOK
MNK-WHEAT_WHEATON,45.8027,-96.5031,town,WHEATON
MNK-WHEAT_WILLMAR,45.1219,-95.0431,town,WILLMAR
MNK-WHEAT_WINDOM,43.8641,-95.1167,town,WINDOM
MNK-WHEAT_WORTHINGTON,43.6200,-95.5964,town,WORTHINGTON
MNK-WHEAT_ZUMBROTA,44.2941,-92.6697,town,ZUMBROTA
MNW-WHEAT_ADRIAN,43.6341,-95.9320,town,ADRIAN
MNW-WHEAT_ALPHA,43.6200,-94.9003,town,ALPHA
MNW-WHEAT_BALATON,44.2330,-95.8681,town,BALATON
MNW-WHEAT_BINGHAM_LAKE,43.9000,-94.9167,town,BINGHAM_LAKE
MNW-WHEAT_BREWSTER_W,43.7080,-95.4453,town,BREWSTER
MNW-WHEAT_CHANDLER,43.9333,-95.9503,town,CHANDLER
MNW-WHEAT_CURRIE,44.0833,-95.6167,town,CURRIE
MNW-WHEAT_EDGERTON,43.8730,-96.1331,town,EDGERTON
MNW-WHEAT_FULDA,43.8700,-95.6031,town,FULDA
MNW-WHEAT_GLENCOE_W,44.7691,-94.1519,town,GLENCOE
MNW-WHEAT_HADLEY,44.0000,-95.8333,town,HADLEY
MNW-WHEAT_HILLS_MN,43.6166,-96.3503,town,HILLS
MNW-WHEAT_HOLLAND,44.1166,-96.2331,town,HOLLAND
MNW-WHEAT_IVANHOE,44.4630,-96.2481,town,IVANHOE
MNW-WHEAT_JASPER_W,43.8500,-96.4003,town,JASPER
MNW-WHEAT_JEFFERS,44.0500,-95.2003,town,JEFFERS
MNW-WHEAT_LAKE_BENTON,44.2630,-96.2831,town,LAKE_BENTON
MNW-WHEAT_LAKE_WILSON_W,44.0166,-95.9503,town,LAKE_WILSON
MNW-WHEAT_LISMORE,43.7333,-95.9667,town,LISMORE
MNW-WHEAT_LUVERNE_W,43.6541,-96.2120,town,LUVERNE
MNW-WHEAT_MILAN_W,45.1166,-95.9131,town,MILAN
MNW-WHEAT_MILROY_W,44.4166,-95.5503,town,MILROY
MNW-WHEAT_MINNEOTA,44.5580,-95.9831,town,MINNEOTA
MNW-WHEAT_MOUNTAIN_LAKE_W,43.9380,-94.9297,town,MOUNTAIN_LAKE
MNW-WHEAT_OKABENA,43.7333,-95.3167,town,OKABENA
MNW-WHEAT_PIPER_W,47.0000,-96.0000,program,PIPER
MNW-WHEAT_PIPESTONE,43.9980,-96.3170,town,PIPESTONE
MNW-WHEAT_RUSHMORE_W,43.6166,-95.8333,town,RUSHMORE
MNW-WHEAT_RUTHTON,44.2330,-96.1831,town,RUTHTON
MNW-WHEAT_SLATON,44.0000,-95.6000,program,SLATON
MNW-WHEAT_STORDEN,44.0500,-95.3167,town,STORDEN
MNW-WHEAT_TRACY_W,44.2330,-95.6197,town,TRACY
MNW-WHEAT_TYLER,44.2777,-96.1331,town,TYLER
MNW-WHEAT_VERDI,44.0333,-96.3503,town,VERDI
MNW-WHEAT_WALNUT_GROVE,44.2250,-95.4703,town,WALNUT_GROVE
MNW-WHEAT_WILMONT,43.7333,-95.9167,town,WILMONT
MNW-WHEAT_WINDOM_W,43.8641,-95.1167,town,WINDOM
MNW-WHEAT_WORTHINGTON_W,43.6200,-95.5964,town,WORTHINGTON
NEK-WHEAT_AINSWORTH,42.5486,-99.8629,town,AINSWORTH
NEK-WHEAT_ALBION_NE,41.6906,-98.0037,town,ALBION
NEK-WHEAT_ALDA,40.8681,-98.4712,town,ALDA
NEK-WHEAT_ARAPAHOE,40.3033,-99.8982,town,ARAPAHOE
NEK-WHEAT_ARLINGTON,41.4528,-96.3553,town,ARLINGTON
NEK-WHEAT_ARNOLD,41.4247,-100.1937,town,ARNOLD
NEK-WHEAT_ASHLAND,41.0397,-96.3681,town,ASHLAND
NEK-WHEAT_ATKINSON,42.5311,-98.9768,town,ATKINSON
NEK-WHEAT_AURORA_NE,40.8678,-97.9987,town,AURORA
NEK-WHEAT_BASSETT,42.5883,-99.5379,town,BASSETT
NEK-WHEAT_BATTLE_CREEK,41.9997,-97.5998,town,BATTLE_CREEK
NEK-WHEAT_BAYARD,41.7575,-103.3244,town,BAYARD
NEK-WHEAT_BEATRICE,40.2667,-96.7461,town,BEATRICE
NEK-WHEAT_BENEDICT,41.0031,-97.5887,town,BENEDICT
NEK-WHEAT_BENKELMAN,40.0497,-101.5332,town,BENKELMAN
NEK-WHEAT_BENNET,40.6800,-96.5086,town,BENNET
NEK-WHEAT_BENNINGTON,41.3572,-96.1570,town,BENNINGTON
NEK-WHEAT_BLOOMFIELD,42.5978,-97.6509,town,BLOOMFIELD
NEK-WHEAT_BLOOMINGTON,40.1800,-99.0504,town,BLOOMINGTON
NEK-WHEAT_BLUE_HILL,40.3328,-98.4498,town,BLUE_HILL
NEK-WHEAT_BREWSTER_NE,41.9389,-99.8593,town,BREWSTER
NEK-WHEAT_BRIDGEPORT,41.6650,-103.0994,town,BRIDGEPORT
NEK-WHEAT_BROKEN_BOW,41.4014,-99.6404,town,BROKEN_BOW
NEK-WHEAT_BURWELL,41.7817,-99.1337,town,BURWELL
NEK-WHEAT_CAMBRIDGE_NE,40.2833,-100.1654,town,CAMBRIDGE
NEK-WHEAT_CARLETON,40.3000,-97.6667,town,CARLETON
NEK-WHEAT_CEDAR_RAPIDS,41.5575,-98.1503,town,CEDAR_RAPIDS
NEK-WHEAT_CENTRAL_CITY,41.1150,-98.0017,town,CENTRAL_CITY
NEK-WHEAT_CHADRON,42.8294,-103.0007,town,CHADRON
NEK-WHEAT_CHAPPELL,41.0900,-102.4702,town,CHAPPELL
NEK-WHEAT_CLARKS,41.2189,-97.8220,town,CLARKS
NEK-WHEAT_CLAY_CENTER_NE,40.5217,-98.0517,town,CLAY_CENTER
NEK-WHEAT_CODY,42.9333,-101.2415,town,CODY
NEK-WHEAT_COLERIDGE,42.5050,-97.2070,town,COLERIDGE
NEK-WHEAT_COLON,41.3142,-96.6261,town,COLON
NEK-WHEAT_COLUMBUS_NE,41.4300,-97.3684,town,COLUMBUS
NEK-WHEAT_COZAD,40.8597,-99.9868,town,COZAD
NEK-WHEAT_CREIGHTON,42.4667,-97.9031,town,CREIGHTON
NEK-WHEAT_CRETE,40.6278,-96.9611,town,CRETE
NEK-WHEAT_CROFTON,42.7294,-97.5309,town,CROFTON
NEK-WHEAT_CURTIS,40.6297,-100.5149,town,CURTIS
NEK-WHEAT_DAKOTA_CITY,42.4150,-96.4186,town,DAKOTA_CITY
NEK-WHEAT_DAVID_CITY,41.2528,-97.1303,town,DAVID_CITY
NEK-WHEAT_DECATOR,42.1150,-96.2453,town,DECATUR
NEK-WHEAT_DESHLER,40.1397,-97.7253,town,DESHLER
NEK-WHEAT_DIXON,42.4144,-96.9998,town,DIXON
NEK-WHEAT_DONIPHAN,40.7731,-98.3562,town,DONIPHAN
NEK-WHEAT_DORCHESTER,40.6489,-97.1134,town,DORCHESTER
NEK-WHEAT_ELGIN_NE,41.9833,-98.0834,town,ELGIN
NEK-WHEAT_ELM_CREEK,40.7181,-99.3712,town,ELM_CREEK
NEK-WHEAT_ELWOOD,40.5900,-99.8615,town,ELWOOD
NEK-WHEAT_EMERSON,42.2794,-96.7331,town,EMERSON
NEK-WHEAT_ELYRIA,41.6333,-99.0337,town,ELYRIA
NEK-WHEAT_EXETER,40.6439,-97.4484,town,EXETER
NEK-WHEAT_FAIRMONT,40.6350,-97.5853,town,FAIRMONT
NEK-WHEAT_FALLS_CITY,40.0600,-95.6022,town,FALLS_CITY
NEK-WHEAT_FARNAM,40.6833,-100.2154,town,FARNAM
NEK-WHEAT_FRANKLIN,40.0967,-98.9520,town,FRANKLIN
NEK-WHEAT_FREMONT,41.4333,-96.4989,town,FREMONT
NEK-WHEAT_FULLERTON,41.3639,-97.9670,town,FULLERTON
NEK-WHEAT_GENEVA,40.5261,-97.5987,town,GENEVA
NEK-WHEAT_GENOA,41.4478,-97.7264,town,GENOA
NEK-WHEAT_GIBBON,40.7478,-98.8440,town,GIBBON
NEK-WHEAT_GILTNER,40.7767,-98.1584,town,GILTNER
NEK-WHEAT_GORDON,42.8050,-102.2038,town,GORDON
NEK-WHEAT_GOTHENBURG,40.9278,-100.1604,town,GOTHENBURG
NEK-WHEAT_GRAND_ISLAND,40.9222,-98.3581,town,GRAND_ISLAND
NEK-WHEAT_GREELEY,41.5486,-98.5337,town,GREELEY
NEK-WHEAT_HAMPTON,40.8789,-97.8920,town,HAMPTON
NEK-WHEAT_HARTINGTON,42.6222,-97.2648,town,HARTINGTON
NEK-WHEAT_HASTINGS,40.5861,-98.3899,town,HASTINGS
NEK-WHEAT_HAY_SPRINGS,42.6844,-102.6899,town,HAY_SPRINGS
NEK-WHEAT_HEBRON,40.1667,-97.5903,town,HEBRON
NEK-WHEAT_HEMINGFORD,42.3222,-103.0744,town,HEMINGFORD
NEK-WHEAT_HENDERSON,40.7800,-97.8120,town,HENDERSON
NEK-WHEAT_HOLDREGE,40.4400,-99.3690,town,HOLDREGE
NEK-WHEAT_HOWELLS,41.7278,-97.0053,town,HOWELLS
NEK-WHEAT_HUMBOLDT,40.1650,-95.9453,town,HUMBOLDT
NEK-WHEAT_HYANNIS,42.0000,-101.7665,town,HYANNIS
NEK-WHEAT_IMPERIAL,40.5167,-101.6432,town,IMPERIAL
NEK-WHEAT_INDIANOLA,40.2333,-100.4171,town,INDIANOLA
NEK-WHEAT_KEARNEY,40.7000,-99.0817,town,KEARNEY
NEK-WHEAT_KEITH,41.2000,-101.7000,program,KEITH
NEK-WHEAT_KIMBALL_NE,41.2350,-103.6638,town,KIMBALL
NEK-WHEAT_LAUREL,42.4278,-97.0937,town,LAUREL
NEK-WHEAT_LEXINGTON,40.7789,-99.7412,town,LEXINGTON
NEK-WHEAT_LINCOLN_NE,40.8136,-96.7026,town,LINCOLN
NEK-WHEAT_LOUP_CITY,41.2750,-98.9662,town,LOUP_CITY
NEK-WHEAT_LOUISVILLE,40.9989,-96.1620,town,LOUISVILLE
NEK-WHEAT_LYONS,41.9389,-96.4703,town,LYONS
NEK-WHEAT_MADISON_NE,41.8289,-97.4553,town,MADISON
NEK-WHEAT_MALCOLM,40.9072,-96.8653,town,MALCOLM
NEK-WHEAT_MCCOOK,40.2017,-100.6254,town,MCCOOK
NEK-WHEAT_MERRIMAN,42.9167,-101.7004,town,MERRIMAN
NEK-WHEAT_MILFORD,40.7744,-97.0517,town,MILFORD
NEK-WHEAT_MINDEN,40.4989,-98.9512,town,MINDEN
NEK-WHEAT_MONROE,41.4725,-97.6170,town,MONROE
NEK-WHEAT_NELIGH,42.1289,-98.0298,town,NELIGH
NEK-WHEAT_NELSON,40.2028,-98.0670,town,NELSON
NEK-WHEAT_NIOBRARA,42.7572,-98.0287,town,NIOBRARA
NEK-WHEAT_NORTH_BEND,41.4611,-96.7803,town,NORTH_BEND
NEK-WHEAT_NORTH_PLATTE,41.1403,-100.7601,town,NORTH_PLATTE
NEK-WHEAT_OAKLAND,41.8350,-96.4664,town,OAKLAND
NEK-WHEAT_OGALLALA,41.1286,-101.7199,town,OGALLALA
NEK-WHEAT_ONEILL,42.4572,-98.6470,town,ONEILL
NEK-WHEAT_ORD,41.6033,-98.9262,town,ORD
NEK-WHEAT_OSCEOLA,41.1778,-97.5487,town,OSCEOLA
NEK-WHEAT_OSMOND,42.3594,-97.5964,town,OSMOND
NEK-WHEAT_OTOE,40.6667,-96.0000,program,OTOE
NEK-WHEAT_OVERTON,40.7397,-99.5387,town,OVERTON
NEK-WHEAT_PAWNEE_CITY,40.1083,-96.1542,town,PAWNEE_CITY
NEK-WHEAT_PAXTON,41.1247,-101.3504,town,PAXTON
NEK-WHEAT_PENDER,42.1144,-96.7070,town,PENDER
NEK-WHEAT_PILGER,42.0150,-97.0537,town,PILGER
NEK-WHEAT_PLAINVIEW_NE,42.3494,-97.7920,town,PLAINVIEW
NEK-WHEAT_PLATTSMOUTH,41.0117,-95.8892,town,PLATTSMOUTH
NEK-WHEAT_POTTER,41.2175,-103.3144,town,POTTER
NEK-WHEAT_RANDOLPH,42.3794,-97.3587,town,RANDOLPH
NEK-WHEAT_RAVENNA,41.0267,-98.9120,town,RAVENNA
NEK-WHEAT_REPUBLICAN_CITY,40.0994,-99.1298,town,REPUBLICAN_CITY
NEK-WHEAT_RUSHVILLE,42.7167,-102.4652,town,RUSHVILLE
NEK-WHEAT_SARGENT,41.6400,-99.3670,town,SARGENT
NEK-WHEAT_SCHUYLER,41.4472,-97.0598,town,SCHUYLER
NEK-WHEAT_SCOTIA,41.4672,-98.7037,town,SCOTIA
NEK-WHEAT_SCOTTSBLUFF,41.8664,-103.6672,town,SCOTTSBLUFF
NEK-WHEAT_SCRIBNER_NE,41.6667,-96.6667,town,SCRIBNER
NEK-WHEAT_SEWARD,40.9072,-97.0987,town,SEWARD
NEK-WHEAT_SHELBY_NE,41.1950,-97.4270,town,SHELBY
NEK-WHEAT_SHICKLEY,40.4167,-97.7237,town,SHICKLEY
NEK-WHEAT_SIDNEY_NE,41.1447,-102.9777,town,SIDNEY
NEK-WHEAT_SNYDER,41.7061,-96.7898,town,SNYDER
NEK-WHEAT_SPALDING,41.6861,-98.3587,town,SPALDING
NEK-WHEAT_ST_PAUL,41.2139,-98.4587,town,ST_PAUL
NEK-WHEAT_STAPLETON,41.4800,-100.5121,town,STAPLETON
NEK-WHEAT_STERLING,40.4667,-96.2003,town,STERLING
NEK-WHEAT_STOCKVILLE,40.5333,-100.3815,town,STOCKVILLE
NEK-WHEAT_SUMNER,40.6500,-99.5004,town,SUMNER
NEK-WHEAT_SURPRISE,41.0750,-97.4970,town,SURPRISE
NEK-WHEAT_TABLE_ROCK,40.2333,-96.0964,town,TABLE_ROCK
NEK-WHEAT_TAYLOR,41.7700,-99.3770,town,TAYLOR
NEK-WHEAT_TECUMSEH,40.3678,-96.1942,town,TECUMSEH
NEK-WHEAT_THEDFORD,41.9792,-100.5749,town,THEDFORD
NEK-WHEAT_TILDEN,42.0472,-97.8287,town,TILDEN
NEK-WHEAT_TRUMBULL,40.6833,-98.2167,town,TRUMBULL
NEK-WHEAT_UHRICH,41.0000,-97.0000,program,UHRICH
NEK-WHEAT_VALENTINE,42.8722,-100.5504,town,VALENTINE
NEK-WHEAT_VALLEY,41.3142,-96.3461,town,VALLEY
NEK-WHEAT_VERDIGRE,42.5983,-98.0315,town,VERDIGRE
NEK-WHEAT_WAHOO,41.2100,-96.6203,town,WAHOO
NEK-WHEAT_WATERLOO,41.2842,-96.2836,town,WATERLOO
NEK-WHEAT_WAVERLY,40.9178,-96.5286,town,WAVERLY
NEK-WHEAT_WAYNE,42.2300,-97.0170,town,WAYNE
NEK-WHEAT_WEEPING_WATER,40.8700,-96.1403,town,WEEPING_WATER
NEK-WHEAT_WEST_POINT,41.8411,-96.7087,town,WEST_POINT
NEK-WHEAT_WILBER,40.4817,-96.9603,town,WILBER
NEK-WHEAT_WISNER,41.9872,-96.9148,town,WISNER
NEK-WHEAT_WOOD_RIVER,40.8200,-98.6003,town,WOOD_RIVER
NEK-WHEAT_WYMORE,40.1217,-96.6620,town,WYMORE
NEW-WHEAT_ARNOLD_W,41.4247,-100.1937,town,ARNOLD
NEW-WHEAT_ARTHUR,41.5689,-101.6935,town,ARTHUR
NEW-WHEAT_BARTLETT,41.8817,-98.5570,town,BARTLETT
NEW-WHEAT_BASSETT_W,42.5883,-99.5379,town,BASSETT
NEW-WHEAT_BENKELMAN_W,40.0497,-101.5332,town,BENKELMAN
NEW-WHEAT_BIG_SPRINGS,41.0636,-102.0716,town,BIG_SPRINGS
NEW-WHEAT_BREWSTER_W,41.9389,-99.8593,town,BREWSTER
NEW-WHEAT_BRIDGEPORT_W,41.6650,-103.0994,town,BRIDGEPORT
NEW-WHEAT_BROKEN_BOW_W,41.4014,-99.6404,town,BROKEN_BOW
NEW-WHEAT_BUSHNELL,41.2375,-103.8894,town,BUSHNELL
NEW-WHEAT_CALLAWAY,41.2917,-99.9229,town,CALLAWAY
NEW-WHEAT_CAMBRIDGE_W,40.2833,-100.1654,town,CAMBRIDGE
NEW-WHEAT_CHADRON_W,42.8294,-103.0007,town,CHADRON
NEW-WHEAT_CHAPPELL_W,41.0900,-102.4702,town,CHAPPELL
NEW-WHEAT_CODY_W,42.9333,-101.2415,town,CODY
NEW-WHEAT_CRAWFORD,42.6833,-103.4127,town,CRAWFORD
NEW-WHEAT_CURTIS_W,40.6297,-100.5149,town,CURTIS
NEW-WHEAT_DALTON,41.4083,-102.9727,town,DALTON
NEW-WHEAT_DUNNING,41.8500,-100.1029,town,DUNNING
NEW-WHEAT_ELSIE,40.8511,-101.5427,town,ELSIE
NEW-WHEAT_ELSMERE,42.0667,-100.0837,town,ELSMERE
NEW-WHEAT_ELYRIA_W,41.6333,-99.0337,town,ELYRIA
NEW-WHEAT_EMMET,42.4683,-98.8504,town,EMMET
NEW-WHEAT_ERSKINE_RANCH,41.0000,-101.0000,program,ERSKINE_RANCH
NEW-WHEAT_ERSKINE_RANCH_2,41.0000,-101.0000,program,ERSKINE_RANCH
NEW-WHEAT_ERSKINE_RANCH_3,41.0000,-101.0000,program,ERSKINE_RANCH
NEW-WHEAT_ERSKINE_RANCH_4,41.0000,-101.0000,program,ERSKINE_RANCH
NEW-WHEAT_ERSKINE_RANCH_5,41.0000,-101.0000,program,ERSKINE_RANCH
NEW-WHEAT_FAITH,41.0000,-102.0000,program,FAITH
NEW-WHEAT_FARNAM_W,40.6833,-100.2154,town,FARNAM
NEW-WHEAT_GORDON_W,42.8050,-102.2038,town,GORDON
NEW-WHEAT_GRANT,40.8417,-101.7254,town,GRANT
NEW-WHEAT_HARRISON,42.6883,-103.8830,town,HARRISON
NEW-WHEAT_HAY_SPRINGS_W,42.6844,-102.6899,town,HAY_SPRINGS
NEW-WHEAT_HERSHEY,41.1583,-100.9979,town,HERSHEY
NEW-WHEAT_HYANNIS_W,42.0000,-101.7665,town,HYANNIS
NEW-WHEAT_IMPERIAL_W,40.5167,-101.6432,town,IMPERIAL
NEW-WHEAT_KEYSTONE,41.2250,-101.6349,town,KEYSTONE
NEW-WHEAT_KIMBALL_W,41.2350,-103.6638,town,KIMBALL
NEW-WHEAT_LISCO,41.4986,-102.6210,town,LISCO
NEW-WHEAT_LOUP_CITY_W,41.2750,-98.9662,town,LOUP_CITY
NEW-WHEAT_MAX,40.1333,-101.4027,town,MAX
NEW-WHEAT_MAYWOOD,40.6500,-100.6249,town,MAYWOOD
NEW-WHEAT_MCCOOK_W,40.2017,-100.6254,town,MCCOOK
NEW-WHEAT_MERRIMAN_W,42.9167,-101.7004,town,MERRIMAN
NEW-WHEAT_MULLEN,42.0422,-101.0429,town,MULLEN
NEW-WHEAT_NORTH_PLATTE_W,41.1403,-100.7601,town,NORTH_PLATTE
NEW-WHEAT_OGALLALA_W,41.1286,-101.7199,town,OGALLALA
NEW-WHEAT_ONEILL_W,42.4572,-98.6470,town,ONEILL
NEW-WHEAT_ORD_W,41.6033,-98.9262,town,ORD
NEW-WHEAT_OSHKOSH,41.4017,-102.3480,town,OSHKOSH
NEW-WHEAT_OVERTON_W,40.7397,-99.5387,town,OVERTON
NEW-WHEAT_PAXTON_W,41.1247,-101.3504,town,PAXTON
NEW-WHEAT_POTTER_W,41.2175,-103.3144,town,POTTER
NEW-WHEAT_RUSHVILLE_W,42.7167,-102.4652,town,RUSHVILLE
NEW-WHEAT_SARGENT_W,41.6400,-99.3670,town,SARGENT
NEW-WHEAT_SCOTTSBLUFF_W,41.8664,-103.6672,town,SCOTTSBLUFF
NEW-WHEAT_SIDNEY_W,41.1447,-102.9777,town,SIDNEY
NEW-WHEAT_STAPLETON_W,41.4800,-100.5121,town,STAPLETON
NEW-WHEAT_STOCKVILLE_W,40.5333,-100.3815,town,STOCKVILLE
NEW-WHEAT_SUMNER_W,40.6500,-99.5004,town,SUMNER
NEW-WHEAT_THEDFORD_W,41.9792,-100.5749,town,THEDFORD
NEW-WHEAT_TRYON,41.5556,-100.9649,town,TRYON
NEW-WHEAT_VALENTINE_W,42.8722,-100.5504,town,VALENTINE
NEW-WHEAT_WALLACE,40.8389,-101.1649,town,WALLACE
NEW-WHEAT_WELLFLEET,40.6833,-100.7332,town,WELLFLEET
NEW-WHEAT_WHITMAN,42.0500,-101.3837,town,WHITMAN
NEW-WHEAT_WOOD_LAKE,42.6333,-100.1929,town,WOOD_LAKE
NWW-WHEAT_ALMIRA,47.7093,-118.9386,town,ALMIRA
NWW-WHEAT_ASOTIN,46.3393,-117.0513,town,ASOTIN
NWW-WHEAT_BENGE,46.8832,-118.3008,town,BENGE
NWW-WHEAT_BICKLETON,45.9987,-120.3120,town,BICKLETON
NWW-WHEAT_COLES_CORNER,47.7593,-120.6737,town,COLES_CORNER
NWW-WHEAT_COUPVILLE,48.2199,-122.6863,town,COUPVILLE
NWW-WHEAT_COYOTE_CANYON,46.3000,-119.4500,program,COYOTE_CANYON
NWW-WHEAT_CREWPORT,46.3000,-119.3000,program,CREWPORT
NWW-WHEAT_DAYTON,46.3232,-117.9721,town,DAYTON
NWW-WHEAT_DUSTY,46.8007,-117.9002,town,DUSTY
NWW-WHEAT_ELTOPIA,46.4507,-119.0903,town,ELTOPIA
NWW-WHEAT_ENDICOTT,46.8457,-117.6852,town,ENDICOTT
NWW-WHEAT_EPHRATA,47.3171,-119.5536,town,EPHRATA
NWW-WHEAT_GEORGE,47.0793,-119.8542,town,GEORGE
NWW-WHEAT_HARRINGTON,47.6504,-118.2553,town,HARRINGTON
NWW-WHEAT_HATTON,46.7707,-118.8258,town,HATTON
NWW-WHEAT_HOOPER,46.7507,-118.1508,town,HOOPER
NWW-WHEAT_KAHLOTUS,46.6432,-118.5581,town,KAHLOTUS
NWW-WHEAT_KELLER,48.2004,-118.6508,town,KELLER
NWW-WHEAT_LACROSSE,46.8257,-117.8802,town,LACROSSE
NWW-WHEAT_LAMONT,47.1957,-117.8685,town,LAMONT
NWW-WHEAT_LIND,46.9721,-118.6158,town,LIND
NWW-WHEAT_LYLE,45.6940,-121.2837,town,LYLE
NWW-WHEAT_MANSFIELD,47.8121,-119.6403,town,MANSFIELD
NWW-WHEAT_MARLIN,47.3043,-119.0803,town,MARLIN
NWW-WHEAT_MESA,46.5768,-119.0017,town,MESA
NWW-WHEAT_MOSES_LAKE,47.1301,-119.2781,town,MOSES_LAKE
NWW-WHEAT_ODESSA,47.3332,-118.6908,town,ODESSA
NWW-WHEAT_OAKESDALE,47.1307,-117.2435,town,OAKESDALE
NWW-WHEAT_OTHELLO,46.8257,-119.1753,town,OTHELLO
NWW-WHEAT_PALOUSE,46.9107,-117.0752,town,PALOUSE
NWW-WHEAT_PATEROS,48.0468,-119.9020,town,PATEROS
NWW-WHEAT_POMEROY,46.4743,-117.6002,town,POMEROY
NWW-WHEAT_QUINCY,47.2343,-119.8520,town,QUINCY
NWW-WHEAT_REARDAN,47.6704,-117.8752,town,REARDAN
NWW-WHEAT_RITZVILLE,47.1271,-118.3798,town,RITZVILLE
NWW-WHEAT_ROCKFORD,47.4513,-117.1321,town,ROCKFORD
NWW-WHEAT_ROYAL_CITY,46.9007,-119.6303,town,ROYAL_CITY
NWW-WHEAT_ST_JOHN_WA,47.0907,-117.5835,town,ST_JOHN
NWW-WHEAT_STEVENS_COUNTY,48.0000,-117.9000,program,STEVENS_COUNTY
NWW-WHEAT_TEKOA,47.2257,-117.0735,town,TEKOA
NWW-WHEAT_TOPPENISH,46.3771,-120.3081,town,TOPPENISH
NWW-WHEAT_UNIONTOWN,46.5407,-117.0871,town,UNIONTOWN
NWW-WHEAT_WALLA_WALLA,46.0646,-118.3430,town,WALLA_WALLA
NWW-WHEAT_WARDEN,46.9682,-119.0403,town,WARDEN
NWW-WHEAT_WASHTUCNA,46.7521,-118.3070,town,WASHTUCNA
NWW-WHEAT_WATERVILLE,47.6471,-119.7736,town,WATERVILLE
NWW-WHEAT_WILBUR,47.7571,-118.7065,town,WILBUR
NWW-WHEAT_WILSON_CREEK,47.4232,-119.1367,town,WILSON_CREEK
NWW-WHEAT_YAKIMA,46.6021,-120.5059,town,YAKIMA